개설강좌,,,,,,,,,,,,,,,,,,,,,,,
,,,,,,,,,,,,,,,,,,,,,,,
NO,개설전공,개설과정,과목번호,분반,교과목명,담당교수,이수구분,과목세부구분,강의실습구분,교과대분류,교과분야,교과영역,전공(트랙),학위구분,성적부여방법,학점,이론시수,실습시수,코드쉐어여부,영어강의여부,요일/교시/강의실,선수과목,비고
1,기초학부,전체,BE101a,01,프로그래밍,목지수,기초필수,교과,이론및실습,기초,기초공학,컴퓨터공학,,,등급,3.0,2.0,2.0,N,Y,"화09:00-11:00(E7 - 233), 목09:00-11:00(E7 - 233)",,목요일 09시-11시 실습 수업 일괄 진행
2,기초학부,전체,BE202,01,데이터사이언스기초,장준기,기초필수,교과,이론및실습,기초,기초공학,컴퓨터공학,,,등급,3.0,2.0,2.0,N,Y,"화13:00-15:00(E7 - 233), 목13:00-15:00(E7 - 233)",,
3,기초학부,전체,BE202,02,데이터사이언스기초,길현재,기초필수,교과,이론및실습,기초,기초공학,컴퓨터공학,,,등급,3.0,2.0,2.0,N,Y,"월15:00-17:00(E7 - 233), 수15:00-17:00(E7 - 233)",,
4,기초학부,전체,BE203,01,창의기계설계,박준혁,기초필수,교과,이론,기초,기초공학,공학선택,기계공학,,등급,3.0,3.0,0.0,N,N,금09:00-12:00(E7 - 307),,
5,기초학부,전체,BE203,02,창의기계설계,송석호,기초필수,교과,이론,기초,기초공학,공학선택,기계공학,,등급,3.0,3.0,0.0,N,Y,월14:30-17:30(E7 - 307),,
6,기초학부,전체,BE205,01,회로이론과 계측법(이론),이정협,기초필수,교과,이론,기초,기초공학,공학선택,전자공학,,등급,2.0,2.0,0.0,N,Y,목17:00-19:00(E7 - 233),,
7,기초학부,전체,BE205,02,회로이론과 계측법(이론),송민영,기초필수,교과,이론,기초,기초공학,공학선택,전자공학,,등급,2.0,2.0,0.0,N,Y,화17:00-19:00(E7 - 233),,
8,기초학부,전체,BR301,01,뇌과학실험Ⅰ(이),"조용철, 김규형, 오용석",심화필수,교과,실습,심화,전공,트랙,뇌과학(*),이학사,등급,3.0,0.0,3.0,N,Y,금09:00-12:00(E4 - 225),,
9,기초학부,전체,BR403,01,신경재생 및 퇴행(이),조용철,심화필수,교과,이론,심화,전공,트랙,뇌과학(*),이학사,등급,3.0,3.0,0.0,N,Y,"화14:30-16:00(E7 - L21), 목14:30-16:00(E7 - L21)",,신규개설
10,기초학부,전체,BR404,01,학습과 기억(이),박포정,심화필수,교과,이론,심화,전공,트랙,뇌과학(*),이학사,등급,3.0,3.0,0.0,N,Y,"화16:30-18:00(E7 - G01), 목16:30-18:00(E7 - G01)",,신규개설
11,기초학부,전체,BS102a,01,공학수학Ⅰ,안흥주,기초필수,교과,이론및실습,기초,기초과학,수학,,,등급,3.0,3.0,1.0,N,Y,"화13:00-15:00(E7 - 223), 목13:00-15:00(E7 - 223)",,
12,기초학부,전체,BS102a,02,공학수학Ⅰ,Hudson Thomas Bryan,기초필수,교과,이론및실습,기초,기초과학,수학,,,등급,3.0,3.0,1.0,N,Y,"화16:30-18:30(E7 - 223), 목16:30-18:30(E7 - 223)",,
13,기초학부,전체,BS102a,03,공학수학Ⅰ,Carlos Scarinci,기초필수,교과,이론및실습,기초,기초과학,수학,,,등급,3.0,3.0,1.0,N,Y,"월09:00-11:00(E7 - L21), 수09:00-11:00(E7 - L21)",,
14,기초학부,전체,BS102a,04,공학수학Ⅰ,Carlos Scarinci,기초필수,교과,이론및실습,기초,기초과학,수학,,,등급,3.0,3.0,1.0,N,Y,"월16:00-18:00(E7 - 223), 수16:00-18:00(E7 - 223)",,
15,기초학부,전체,BS102a,05,공학수학Ⅰ,Carlos Scarinci,기초필수,교과,이론및실습,기초,기초과학,수학,,,등급,3.0,3.0,1.0,N,Y,"화11:00-13:00(E7 - 223), 목11:00-13:00(E7 - 223)",,
16,기초학부,전체,BS103a,01,일반물리Ⅰ,DEVECIOGLU DENIZ OLGU,기초필수,교과,이론,기초,기초과학,물리,,,등급,3.0,3.0,0.0,N,Y,"화15:00-16:30(E7 - 241), 목15:00-16:30(E7 - 241)",,
17,기초학부,전체,BS103a,02,일반물리Ⅰ,DEVECIOGLU DENIZ OLGU,기초필수,교과,이론,기초,기초과학,물리,,,등급,3.0,3.0,0.0,N,Y,"화11:00-12:30(E7 - 241), 목11:00-12:30(E7 - 241)",,
18,기초학부,전체,BS103a,03,일반물리Ⅰ,DEVECIOGLU DENIZ OLGU,기초필수,교과,이론,기초,기초과학,물리,,,등급,3.0,3.0,0.0,N,Y,"화17:00-18:30(E7 - 241), 목17:00-18:30(E7 - 241)",,
19,기초학부,전체,BS103a,04,일반물리Ⅰ,DEVECIOGLU DENIZ OLGU,기초필수,교과,이론,기초,기초과학,물리,,,등급,3.0,3.0,0.0,N,Y,"수15:00-16:30(E7 - 236), 금15:00-16:30(E7 - 236)",,"동일과목 : [대학](BS103) 고전역학, [대학](BS107) 고전역학-기초, [대학](BS107a) 일반물리Ⅰ-기초, [대학](BS108) 고전역학-심화, [대학](BS108a) 일반물리Ⅰ-심화"
20,기초학부,전체,BS104a,01,일반물리실험Ⅰ,김동렬,기초필수,교과,실습,기초,기초과학,물리,물리학,,등급,1.0,0.0,2.0,N,N,월16:00-18:00(E2 - 220),,
21,기초학부,전체,BS104a,02,일반물리실험Ⅰ,김동렬,기초필수,교과,실습,기초,기초과학,물리,물리학,,등급,1.0,0.0,2.0,N,N,수14:00-16:00(E2 - 220),,
22,기초학부,전체,BS104a,03,일반물리실험Ⅰ,김동렬,기초필수,교과,실습,기초,기초과학,물리,물리학,,등급,1.0,0.0,2.0,N,N,월13:00-15:00(E2 - 220),,
23,기초학부,전체,BS104a,04,일반물리실험Ⅰ,김동렬,기초필수,교과,실습,기초,기초과학,물리,물리학,,등급,1.0,0.0,2.0,N,N,월10:30-12:30(E2 - 220),,
24,기초학부,전체,BS104a,05,일반물리실험Ⅰ,김동렬,기초필수,교과,실습,기초,기초과학,물리,물리학,,등급,1.0,0.0,2.0,N,N,수11:00-13:00(E2 - 220),,
25,기초학부,전체,BS104a,06,일반물리실험Ⅰ,김동렬,기초필수,교과,실습,기초,기초과학,물리,물리학,,등급,1.0,0.0,2.0,N,N,수16:00-18:00(E2 - 220),,동일과목 : [대학](BS104) 고전역학 실험
26,기초학부,전체,BS104a,07,일반물리실험Ⅰ,박기성,기초필수,교과,실습,기초,기초과학,물리,물리학,,등급,1.0,0.0,2.0,N,Y,화13:00-15:00(E2 - 220),,"일반물리실험1의 07분반 (화요일 오후 1시부터-3시)은 외국인 학생들을 위한 분반입니다.   이 분반에서는 영어로 모든 수업과 보고서 제출, 프로젝트 발표 등이 진행됩니다.    Section 07 of General Physics Laboratory I (Tuesday, 1:00?3:00 PM) is a section designated for international students.   In this section, all classes, laboratory reports, and project presentations are conducted in English.  동일과목 : [대학](BS104) 고전역학 실험"
27,기초학부,전체,BS113,01,일반화학실험Ⅰ,민은선,기초필수,교과,실습,기초,기초과학,화학,화학,,등급,1.0,0.0,2.0,N,N,수09:00-11:00(E6 - 221),,
28,기초학부,전체,BS113,02,일반화학실험Ⅰ,민은선,기초필수,교과,실습,기초,기초과학,화학,화학,,등급,1.0,0.0,2.0,N,N,월09:00-11:00(E6 - 221),,
29,기초학부,전체,BS113,03,일반화학실험Ⅰ,민은선,기초필수,교과,실습,기초,기초과학,화학,화학,,등급,1.0,0.0,2.0,N,N,월15:00-17:00(E6 - 221),,
30,기초학부,전체,BS113,04,일반화학실험Ⅰ,민은선,기초필수,교과,실습,기초,기초과학,화학,화학,,등급,1.0,0.0,2.0,N,N,월13:00-15:00(E6 - 221),,
31,기초학부,전체,BS113,05,일반화학실험Ⅰ,민은선,기초필수,교과,실습,기초,기초과학,화학,화학,,등급,1.0,0.0,2.0,N,N,수14:00-16:00(E6 - 221),,
32,기초학부,전체,BS113,06,일반화학실험Ⅰ,Desta Kebede Taye,기초필수,교과,실습,기초,기초과학,화학,화학,,등급,1.0,0.0,2.0,N,Y,수16:00-18:00(E6 - 221),,"동일과목 : [대학](SE108) 기초화학실험 I, [대학](SE108a) 기초화학실험"
33,기초학부,전체,BS113,07,일반화학실험Ⅰ,Desta Kebede Taye,기초필수,교과,실습,기초,기초과학,화학,화학,,등급,1.0,0.0,2.0,N,Y,목13:00-15:00(E6 - 221),,"동일과목 : [대학](SE108) 기초화학실험 I, [대학](SE108a) 기초화학실험"
34,기초학부,전체,BS114,01,생명과학개론,이석규,기초필수,교과,이론,기초,기초과학,생명과학,,,등급,3.0,3.0,0.0,N,Y,"화11:00-12:30(E7 - 242), 목11:00-12:30(E7 - 242)",,
35,기초학부,전체,BS114,02,생명과학개론,이효상,기초필수,교과,이론,기초,기초과학,생명과학,,,등급,3.0,3.0,0.0,N,Y,"월16:30-18:00(E7 - 224), 금16:30-18:00(E7 - 224)",,
36,기초학부,전체,BS115,01,일반생물학 실험,김유리,기초필수,교과,실습,기초,기초과학,생명과학,,,등급,1.0,0.0,2.0,N,Y,월09:00-11:00(E4 - 224),,
37,기초학부,전체,BS115,02,일반생물학 실험,조정아,기초필수,교과,실습,기초,기초과학,생명과학,,,등급,1.0,0.0,2.0,N,Y,수11:00-13:00(E4 - 224),,
38,기초학부,전체,BS115,03,일반생물학 실험,조정아,기초필수,교과,실습,기초,기초과학,생명과학,,,등급,1.0,0.0,2.0,N,Y,화11:00-13:00(E4 - 224),,
39,기초학부,전체,BS115,04,일반생물학 실험,조정아,기초필수,교과,실습,기초,기초과학,생명과학,,,등급,1.0,0.0,2.0,N,Y,목11:00-13:00(E4 - 224),,
40,기초학부,전체,BS115,05,일반생물학 실험,조정아,기초필수,교과,실습,기초,기초과학,생명과학,,,등급,1.0,0.0,2.0,N,Y,수09:00-11:00(E4 - 224),,
41,기초학부,전체,BS115,06,일반생물학 실험,조정아,기초필수,교과,실습,기초,기초과학,생명과학,,,등급,1.0,0.0,2.0,N,Y,수14:00-16:00(E4 - 224),,
42,기초학부,전체,BS115,07,일반생물학 실험,조정아,기초필수,교과,실습,기초,기초과학,생명과학,,,등급,1.0,0.0,2.0,N,Y,수16:00-18:00(E4 - 224),,
43,기초학부,전체,BS116,01,일반생물학Ⅰ,"정찬, 곽준명, 김민식",기초필수,교과,이론,기초,기초과학,생명과학,,,등급,3.0,3.0,0.0,N,Y,"월16:30-18:00(E7 - 236), 수16:30-18:00(E7 - 236)",,
44,기초학부,전체,BS118,01,일반화학Ⅰ,Desta Kebede Taye,기초필수,교과,이론,기초,기초과학,화학,,,등급,3.0,3.0,0.0,N,Y,월13:00-16:00(E7 - 241),,
45,기초학부,전체,BS118,02,일반화학Ⅰ,상가라쥬샨무감,기초필수,교과,이론,기초,기초과학,화학,,,등급,3.0,3.0,0.0,N,Y,"화14:00-15:30(E7 - 242), 목14:00-15:30(E7 - 242)",,
46,기초학부,전체,BS118,03,일반화학Ⅰ,남은주,기초필수,교과,이론,기초,기초과학,화학,,,등급,3.0,3.0,0.0,N,Y,"수09:00-10:30(E7 - 233), 금09:00-10:30(E7 - 233)",,
47,기초학부,전체,BS118,04,일반화학Ⅰ,Desta Kebede Taye,기초필수,교과,이론,기초,기초과학,화학,,,등급,3.0,3.0,0.0,N,Y,"화16:00-17:30(E7 - 242), 목16:00-17:30(E7 - 242)",,"동일과목 : [대학](BS112) 물질의 이해, [대학](SE107) 물질의 이해"
48,기초학부,전체,BS118,05,일반화학Ⅰ,Desta Kebede Taye,기초필수,교과,이론,기초,기초과학,화학,,,등급,3.0,3.0,0.0,N,Y,"화09:00-10:30(E7 - 242), 목09:00-10:30(E7 - 242)",,"동일과목 : [대학](BS112) 물질의 이해, [대학](SE107) 물질의 이해"
49,기초학부,전체,BS202,01,확률과 통계 및 실습,Carlos Scarinci,기초필수,교과,이론및실습,기초,기초과학,수학,,,등급,3.0,3.0,1.0,N,Y,"화16:00-18:00(E7 - L21), 목16:00-18:00(E7 - L21)",,"2018학번 이상, 실습을 R이 아닌 Python으로 진행함"
50,기초학부,전체,BS203,01,선형대수학,한강진,기초필수,교과,이론및실습,기초,기초과학,수학,컴퓨터공학,,등급,3.0,3.0,1.0,N,Y,"월13:00-15:00(E7 - 224), 수13:00-15:00(E7 - 224)",,
51,기초학부,전체,BS203,02,선형대수학,한강진,기초필수,교과,이론및실습,기초,기초과학,수학,컴퓨터공학,,등급,3.0,3.0,1.0,N,Y,"화16:00-18:00(E7 - L22), 목16:00-18:00(E7 - L22)",,
52,기초학부,전체,BS203,03,선형대수학,이두석,기초필수,교과,이론및실습,기초,기초과학,수학,컴퓨터공학,,등급,3.0,3.0,1.0,N,Y,"월09:00-11:00(E7 - L22), 수09:00-11:00(E7 - L22)",,
53,기초학부,전체,CE303,01,화학공학열역학(공),고서진,심화필수,교과,이론,심화,전공,트랙,화학공학(*),공학사,등급,3.0,3.0,0.0,N,Y,"화10:30-12:00(E7 - L31), 목10:30-12:00(E7 - L31)",,
54,기초학부,전체,CE401,01,"고분자개론(이,공)",호동해,심화필수,교과,이론,심화,전공,트랙,화학공학(*)/화학,"이학사,공학사",등급,3.0,3.0,0.0,N,Y,"화09:00-10:30(E7 - L22), 목09:00-10:30(E7 - L22)",,
55,기초학부,전체,CE402,01,화학 제품 및 공정 설계(공),김찬연,심화필수,교과,이론,심화,전공,트랙,화학공학(*),공학사,등급,3.0,3.0,0.0,N,Y,"월14:30-16:00(E7 - G02), 수14:30-16:00(E7 - G02)",,
56,기초학부,전체,CHEM201,01,"분석화학(이,공)",이호춘,심화필수,교과,이론,심화,전공,트랙,화학(*)/재료공학/화학공학,"이학사,공학사",등급,3.0,3.0,0.0,N,Y,"월10:30-12:00(E7 - 233), 수10:30-12:00(E7 - 233)",,
57,기초학부,전체,CHEM205,01,"유기화학Ⅰ(이,공)",정병혁,심화필수,교과,이론,심화,전공,트랙,화학(*)/재료공학/화학공학,"이학사,공학사",등급,3.0,3.0,0.0,N,Y,"화09:00-10:30(E7 - 236), 목09:00-10:30(E7 - 236)",,
58,기초학부,전체,CHEM206,01,일반화학실험Ⅱ(이),Desta Kebede Taye,심화필수,교과,실습,심화,전공,트랙,화학(*),이학사,등급,1.0,0.0,2.0,N,Y,수13:00-15:00(E6 - 222),,
59,기초학부,전체,CHEM301,01,심화화학실험Ⅰ(이),"홍선기, 남은주",심화필수,교과,실습,심화,전공,트랙,화학(*),이학사,등급,2.0,0.0,4.0,N,Y,화12:30-16:30(E6 - 222),,
60,기초학부,전체,CHEM305,01,"무기화학Ⅱ(이,공)",김성균,심화필수,교과,이론,심화,전공,트랙,화학(*)/화학공학,"이학사,공학사",등급,3.0,3.0,0.0,N,Y,"월15:00-16:30(E7 - L22), 수15:00-16:30(E7 - L22)",(CHEM202) 무기화학 Ⅰ (이.공),무기화학I 사전 수강 필수
61,기초학부,전체,CHEM306,01,"물리화학Ⅱ(이,공)",성주영,심화필수,교과,이론,심화,전공,트랙,화학(*)/화학공학,"이학사,공학사",등급,3.0,3.0,0.0,N,Y,"월09:00-10:30(E7 - 224), 수09:00-10:30(E7 - 224)",,
62,기초학부,전체,CHEM404,01,계산화학(이),장윤희,심화필수,교과,이론및실습,심화,전공,트랙,화학(*),이학사,등급,3.0,2.0,1.0,N,Y,"월16:30-18:00(E7 - L22), 수16:30-18:00(E7 - L22)",,
63,기초학부,전체,CR501,01,한국어 Ⅰ,장근영,기초필수,교과,이론,기초,인문사회,쓰기·읽기 중점,,,S/U,0.0,3.0,0.0,Y,Y,"화18:00-19:30(E7 - L21), 목18:00-19:30(E7 - L21)",,Required for international students admitted after 2025
64,기초학부,전체,CR502,01,한국어 Ⅱ,정효정,기초필수,교과,이론,기초,인문사회,쓰기·읽기 중점,,,S/U,0.0,3.0,0.0,Y,Y,"화18:00-19:30(E7 - L22), 목18:00-19:30(E7 - L22)",,Required for international students admitted after 2025
65,기초학부,전체,CSE203,01,"자료구조(이,공)",김선준,심화필수,교과,이론,심화,전공,트랙,컴퓨터공학(*)/전자공학,"이학사,공학사",등급,3.0,3.0,0.0,N,Y,"월11:00-12:30(E7 - 242), 수11:00-12:30(E7 - 242)",(BE101a) 프로그래밍,
66,기초학부,전체,CSE302,01,"기계학습개론(이,공)",노어진,심화필수,교과,이론,심화,전공,트랙,컴퓨터공학(*),"이학사,공학사",등급,3.0,3.0,0.0,N,Y,"월15:00-16:30(E7 - 242), 수15:00-16:30(E7 - 242)",,
67,기초학부,전체,CSE305,01,컴퓨터구조(공),이효근,심화필수,교과,이론,심화,전공,트랙,컴퓨터공학(*)/전자공학,공학사,등급,3.0,3.0,0.0,N,Y,"화13:00-14:30(E7 - 236), 목13:00-14:30(E7 - 236)",(CSE201) 객체지향 프로그래밍 (이.공),
68,기초학부,전체,CSE306,01,시스템 프로그래밍(공),이용우,심화필수,교과,이론,심화,전공,트랙,컴퓨터공학(*),공학사,등급,3.0,3.0,0.0,N,Y,"월16:30-18:00(E7 - 242), 수16:30-18:00(E7 - 242)",(CSE201) 객체지향 프로그래밍 (이.공),
69,기초학부,전체,CSE307,01,"프로그래밍 언어(이,공)",전민석,심화필수,교과,이론,심화,전공,트랙,컴퓨터공학(*),"이학사,공학사",등급,3.0,3.0,0.0,N,Y,"화14:30-16:00(E7 - 236), 목14:30-16:00(E7 - 236)",,신규개설
70,기초학부,전체,CSE402,01,"강화학습(이,공)",이두석,심화필수,교과,이론,심화,전공,트랙,컴퓨터공학(*)/전자공학,"이학사,공학사",등급,3.0,3.0,0.0,N,Y,"월16:30-18:00(E7 - L21), 수16:30-18:00(E7 - L21)",(BE201) 인공지능기초,
71,기초학부,전체,CSE404,01,컴퓨터 비전 개론(공),임성훈,심화필수,교과,이론,심화,전공,트랙,컴퓨터공학(*),공학사,등급,3.0,3.0,0.0,N,Y,"화09:00-10:30(E7 - L21), 목09:00-10:30(E7 - L21)",,
72,기초학부,전체,CSE405,01,컴퓨터보안개론(공),최원석,심화필수,교과,이론,심화,전공,트랙,컴퓨터공학(*),공학사,등급,3.0,3.0,0.0,N,Y,"월10:30-12:00(E7 - 224), 수10:30-12:00(E7 - 224)",,
73,기초학부,전체,EE301,01,신호 및 시스템(공),최재호,심화필수,교과,이론,심화,전공,트랙,전자공학(*),공학사,등급,3.0,3.0,0.0,N,Y,"화09:00-10:30(E7 - 241), 목09:00-10:30(E7 - 241)",,
74,기초학부,학사,EE303,01,전자회로 이론(공),윤종혁,심화필수,교과,이론,심화,전공,트랙,전자공학(*),공학사,등급,3.0,3.0,0.0,N,Y,"화14:30-16:00(E7 - L22), 목14:30-16:00(E7 - L22)","(BE205) 회로이론과 계측법(이론), (BE206) 회로이론과 계측법(실습)",
75,기초학부,학사,EE304,01,반도체물성 개론(공),이상훈,심화필수,교과,이론,심화,전공,트랙,전자공학(*)/물리학/화학공학,공학사,등급,3.0,3.0,0.0,N,Y,"화16:00-17:30(E7 - 236), 목16:00-17:30(E7 - 236)",(BS105a) 일반물리Ⅱ,
76,기초학부,전체,EE401,01,디지털 신호처리(공),이민선,심화필수,교과,이론,심화,전공,트랙,전자공학(*)/컴퓨터공학,공학사,등급,3.0,3.0,0.0,N,Y,"화09:00-10:30(E7 - G01), 목09:00-10:30(E7 - G01)",,
77,기초학부,전체,EE403,01,디지털통신(공),서대원,심화필수,교과,이론,심화,전공,트랙,전자공학(*),공학사,등급,3.0,3.0,0.0,N,Y,"월13:00-14:30(E7 - G02), 수13:00-14:30(E7 - G02)",(EE305) 통신의 기초(공),
78,기초학부,학사,EE404,01,반도체공정개론(공),권혁준,심화필수,교과,이론,심화,전공,트랙,전자공학(*),공학사,등급,3.0,3.0,0.0,N,Y,"월15:00-16:30(E7 - L20), 수15:00-16:30(E7 - L20)",,
79,기초학부,전체,EE406,01,지능형제어시스템(공),"김경대, 이성민",심화필수,교과,이론,심화,전공,트랙,전자공학(*),공학사,등급,3.0,3.0,0.0,N,Y,"화13:00-14:30(E7 - 235), 목13:00-14:30(E7 - 235)",(MECH309) 자동제어시스템(공),
80,기초학부,전체,EE407,01,디지털집적회로설계(공),김가인,심화필수,교과,이론,심화,전공,트랙,전자공학(*),공학사,등급,3.0,3.0,0.0,N,Y,"월09:00-10:30(E3 - 626), 수09:00-10:30(E3 - 626)",,
81,기초학부,전체,ENT301,01,기업가 정신과 사회적 책임,권업,심화선택,교과,이론및실습,심화,전공,창업,,,등급,3.0,2.0,1.0,N,N,"월09:00-10:30(E7 - G03), 수09:00-10:30(E7 - G03)",,
82,기초학부,전체,ENT306,01,회계학 원론,조성표,심화선택,교과,이론,심화,전공,창업,,,등급,3.0,3.0,0.0,N,N,화14:30-17:30(E7 - L30),,신규개설
83,기초학부,전체,GC101,01,Academic English: Speaking and Correspondence,Aaron Cumberledge,기초필수,교과,이론,기초,글로벌커뮤니케이션,영어,,,등급,2.0,3.0,0.0,N,Y,화15:30-18:30(E7 - L27),,"2019-2014학번: Communication Skills, English for Science Leaders 1 대체과목"
84,기초학부,전체,GC101,02,Academic English: Speaking and Correspondence,Aaron Cumberledge,기초필수,교과,이론,기초,글로벌커뮤니케이션,영어,,,등급,2.0,3.0,0.0,N,Y,월09:00-12:00(E7 - L27),,"2019-2014학번: Communication Skills, English for Science Leaders 1 대체과목"
85,기초학부,전체,GC101,03,Academic English: Speaking and Correspondence,Aaron Cumberledge,기초필수,교과,이론,기초,글로벌커뮤니케이션,영어,,,등급,2.0,3.0,0.0,N,Y,월13:00-16:00(E7 - L27),,"2019-2014학번: Communication Skills, English for Science Leaders 1 대체과목"
86,기초학부,전체,GC101,04,Academic English: Speaking and Correspondence,Aaron Cumberledge,기초필수,교과,이론,기초,글로벌커뮤니케이션,영어,,,등급,2.0,3.0,0.0,N,Y,화11:00-14:00(E7 - L27),,"2019-2014학번: Communication Skills, English for Science Leaders 1 대체과목"
87,기초학부,전체,GC101,05,Academic English: Speaking and Correspondence,Benjamin Wilson Riley,기초필수,교과,이론,기초,글로벌커뮤니케이션,영어,,,등급,2.0,3.0,0.0,N,Y,수09:00-12:00(E7 - L28),,"2019-2014학번: Communication Skills, English for Science Leaders 1 대체과목"
88,기초학부,전체,GC101,06,Academic English: Speaking and Correspondence,Benjamin Wilson Riley,기초필수,교과,이론,기초,글로벌커뮤니케이션,영어,,,등급,2.0,3.0,0.0,N,Y,목11:00-14:00(E7 - L27),,"2019-2014학번: Communication Skills, English for Science Leaders 1 대체과목"
89,기초학부,전체,GC101,07,Academic English: Speaking and Correspondence,Benjamin Wilson Riley,기초필수,교과,이론,기초,글로벌커뮤니케이션,영어,,,등급,2.0,3.0,0.0,N,Y,목15:30-18:30(E7 - L27),,"2019-2014학번: Communication Skills, English for Science Leaders 1 대체과목"
90,기초학부,전체,GC101,08,Academic English: Speaking and Correspondence,Benjamin Wilson Riley,기초필수,교과,이론,기초,글로벌커뮤니케이션,영어,,,등급,2.0,3.0,0.0,N,Y,수14:00-17:00(E7 - L28),,"2019-2014학번: Communication Skills, English for Science Leaders 1 대체과목"
91,기초학부,전체,GC101,09,Academic English: Speaking and Correspondence,Mark Silverlock,기초필수,교과,이론,기초,글로벌커뮤니케이션,영어,,,등급,2.0,3.0,0.0,N,Y,수14:00-17:00(E7 - L27),,"2019-2014학번: Communication Skills, English for Science Leaders 1 대체과목"
92,기초학부,전체,GC101,10,Academic English: Speaking and Correspondence,Mark Silverlock,기초필수,교과,이론,기초,글로벌커뮤니케이션,영어,,,등급,2.0,3.0,0.0,N,Y,월13:00-16:00(E7 - L28),,"2019-2014학번: Communication Skills, English for Science Leaders 1 대체과목"
93,기초학부,전체,GC101,11,Academic English: Speaking and Correspondence,Mark Silverlock,기초필수,교과,이론,기초,글로벌커뮤니케이션,영어,,,등급,2.0,3.0,0.0,N,Y,수09:00-12:00(E7 - L27),,"2019-2014학번: Communication Skills, English for Science Leaders 1 대체과목"
94,기초학부,전체,GC101,12,Academic English: Speaking and Correspondence,Andrew John Miller,기초필수,교과,이론,기초,글로벌커뮤니케이션,영어,,,등급,2.0,3.0,0.0,N,Y,금14:00-17:00(E7 - L28),,"2019-2014학번: Communication Skills, English for Science Leaders 1 대체과목"
95,기초학부,전체,GC101,13,Academic English: Speaking and Correspondence,Andrew John Miller,기초필수,교과,이론,기초,글로벌커뮤니케이션,영어,,,등급,2.0,3.0,0.0,N,Y,금09:30-12:30(E7 - L28),,"2019-2014학번: Communication Skills, English for Science Leaders 1 대체과목"
96,기초학부,전체,GC101,14,Academic English: Speaking and Correspondence,이정아,기초필수,교과,이론,기초,글로벌커뮤니케이션,영어,,,등급,2.0,3.0,0.0,N,Y,화14:00-17:00(E7 - L28),,"2019-2014학번: Communication Skills, English for Science Leaders 1 대체과목"
97,기초학부,전체,HSS101,01,경제학 입문 - 영어강좌,김선구,기초필수,교과,이론,기초,인문사회,쓰기·읽기 중점,,,등급,3.0,3.0,0.0,N,Y,수10:00-13:00(E7 - L31),,"2026학번 정원: 25명, 2018학번~2025학번 정원: 5명영어강좌(Only English)"
98,기초학부,전체,HSS102,01,과학기술과 현대사회,장하원,기초필수,교과,이론,기초,인문사회,쓰기·읽기 중점,,,등급,3.0,3.0,0.0,N,N,월10:00-13:00(E7 - G01),,"2026학번 정원:25명, 2018학번~2025학번: 10명"
99,기초학부,전체,HSS103,01,법과 사회,김현희,기초필수,교과,이론,기초,인문사회,쓰기·읽기 중점,,,등급,3.0,3.0,0.0,N,N,금09:00-12:00(E7 - L21),,"2026학번 정원: 30명, 2018학번~2025학번 정원: 10명"
100,기초학부,전체,HSS104a,01,소설의 이해,배하은,기초필수,교과,이론,기초,인문사회,쓰기·읽기 중점,,,등급,3.0,3.0,0.0,N,N,"월10:30-12:00(E7 - G02), 수10:30-12:00(E7 - G02)",,"2026학번 정원: 25명, 2018학번~2025학번 정원: 10명"
101,기초학부,전체,HSS106,01,비교정치학,윤지성,기초필수,교과,이론,기초,인문사회,쓰기·읽기 중점,,,등급,3.0,3.0,0.0,N,N,"화16:00-17:30(E7 - G02), 목16:00-17:30(E7 - G02)",,"2026학번 정원: 25명, 2018학번~2025학번 정원: 10명"
102,기초학부,전체,HSS107,01,언어학입문,이정아,기초필수,교과,이론,기초,인문사회,쓰기·읽기 중점,,,등급,3.0,3.0,0.0,N,N,금09:00-12:00(E7 - L30),,
103,기초학부,전체,HSS108,01,비교역사학,이원근,기초필수,교과,이론,기초,인문사회,쓰기·읽기 중점,,,등급,3.0,3.0,0.0,N,N,월10:00-13:00(E7 - L31),,"2026학번 정원 25명, 2018-2025학번 정원: 9명"
104,기초학부,전체,HSS109a,01,학술 글쓰기,배하은,기초필수,교과,이론,기초,인문사회,쓰기·읽기 중점,,,등급,3.0,3.0,0.0,N,N,"월09:00-10:30(E7 - G02), 수09:00-10:30(E7 - G02)",,"2026학번 정원: 25명, 2025~2018학번 정원: 4명"
105,기초학부,전체,HSS109a,02,학술 글쓰기,임희현,기초필수,교과,이론,기초,인문사회,쓰기·읽기 중점,,,등급,3.0,3.0,0.0,N,N,목10:00-13:00(E7 - G02),,"2026학번 정원: 25명, 2025~2018학번 정원: 4명"
106,기초학부,전체,HSS109a,03,학술 글쓰기,임희현,기초필수,교과,이론,기초,인문사회,쓰기·읽기 중점,,,등급,3.0,3.0,0.0,N,N,목14:30-17:30(E7 - 224),,"2026학번 정원: 25명, 2025~2018학번 정원: 4명"
107,기초학부,전체,HSS109a,04,학술 글쓰기,전계성,기초필수,교과,이론,기초,인문사회,쓰기·읽기 중점,,,등급,3.0,3.0,0.0,N,N,화15:00-18:00(E7 - 224),,"2026학번 정원: 25명, 2025~2018학번 정원: 4명"
108,기초학부,전체,HSS109a,05,학술 글쓰기,전계성,기초필수,교과,이론,기초,인문사회,쓰기·읽기 중점,,,등급,3.0,3.0,0.0,N,N,금09:00-12:00(E7 - 224),,"2026학번 정원: 25명, 2025~2018학번 정원: 4명"
109,기초학부,전체,HSS112,01,사회학의 이해,최태섭,기초필수,교과,이론,기초,인문사회,쓰기·읽기 중점,,,등급,3.0,3.0,0.0,N,N,목09:00-12:00(E7 - G03),,"2026학번 정원: 30명, 2018학번~2025학번 정원: 10명"
110,기초학부,전체,HSS114,01,지리학 입문,숀센,기초필수,교과,이론,기초,인문사회,쓰기·읽기 중점,,,등급,3.0,3.0,0.0,N,Y,월18:00-21:00(E7 - G01),,"2026학번 정원: 25명, 2018학번~2025학번 정원: 10명"
111,기초학부,전체,HSS115,01,심리학으로의 여행,곽금주,기초필수,교과,이론,기초,인문사회,쓰기·읽기 중점,,,등급,3.0,3.0,0.0,N,N,화11:00-14:00(E7 - L30),,"2026학번 정원: 30명, 2018학번~2025학번 정원: 10명"
112,기초학부,전체,HSS116,01,인류학의 이해,이정덕,기초필수,교과,이론,기초,인문사회,쓰기·읽기 중점,,,등급,3.0,3.0,0.0,N,N,화15:00-18:00(E7 - G03),,"2026학번 정원: 30명, 2018학번~2025학번 정원: 10명"
113,기초학부,전체,HSS117,01,인간과 종교,박범석,기초필수,교과,이론,기초,인문사회,쓰기·읽기 중점,,,등급,3.0,3.0,0.0,N,N,목09:00-12:00(E7 - L30),,"2026학번 정원: 30명, 2018학번~2025학번 정원: 10명"
114,기초학부,전체,HSS118,01,미래소양강좌,최한경,기초필수,교과,이론,기초,인문사회,쓰기·읽기 중점,,,S/U,1.0,1.0,0.0,N,Y,금13:00-14:00(E7 - 236),,
115,기초학부,전체,HSS119,01,진로탐색 및 전공설계Ⅰ,최한경,기초필수,교과,이론,기초,인문사회,쓰기·읽기 중점,,,S/U,1.0,1.0,0.0,N,Y,수13:00-14:00(E7 - L29),,
116,기초학부,전체,HSS121,01,Introduction to Traditional Korean Culture - 영어강좌,배하은,기초필수,교과,이론,기초,인문사회,쓰기·읽기 중점,,,등급,2.0,2.0,0.0,N,Y,월13:00-15:00(E7 - L22),,
117,기초학부,전체,HSS122,01,Introduction to Philosophy - 영어강좌,김병재,기초필수,교과,이론,기초,인문사회,쓰기·읽기 중점,,,등급,2.0,2.0,0.0,N,Y,월10:30-12:30(E7 - G03),,
118,기초학부,전체,HSS201,01,과학기술사의 주요 장면,장하원,기초필수,교과,이론,기초,인문사회,쓰기·읽기 중점,,,등급,3.0,3.0,0.0,N,N,월14:00-17:00(E7 - G01),,
119,기초학부,전체,HSS202,01,과학철학의 쟁점,강유진,기초필수,교과,이론,기초,인문사회,쓰기·읽기 중점,,,등급,3.0,3.0,0.0,N,N,수13:00-16:00(E7 - G03),,
120,기초학부,전체,HSS203,01,근대 사회와 사상,이원근,기초필수,교과,이론,기초,인문사회,쓰기·읽기 중점,,,등급,3.0,3.0,0.0,N,N,월14:00-17:00(E7 - L30),,
121,기초학부,전체,HSS204,01,글로벌 정치경제 - 영어 강좌,윤지성,기초필수,교과,이론,기초,인문사회,쓰기·읽기 중점,,,등급,3.0,3.0,0.0,N,Y,"화11:00-12:30(E7 - 235), 목11:00-12:30(E7 - 235)",,영어 강좌 / Only English
122,기초학부,전체,HSS207a,01,커뮤니케이션 특강 - 영어 강좌,조성겸,기초필수,교과,이론,기초,인문사회,쓰기·읽기 중점,,,등급,3.0,3.0,0.0,N,Y,목13:00-16:00(E7 - G01),,영어 강좌 / Only English
123,기초학부,전체,HSS208a,01,철학 고전의 이해,김병재,기초필수,교과,이론,기초,인문사회,쓰기·읽기 중점,,,등급,3.0,3.0,0.0,N,N,"월13:00-14:30(E7 - 235), 수13:00-14:30(E7 - 235)",,"2018학번 이후만 수강 신청, 정원 : 32명"
124,기초학부,전체,HSS212,01,권리변동의 일반,함상범,기초필수,교과,이론,기초,인문사회,쓰기·읽기 중점,,,등급,3.0,3.0,0.0,N,N,월09:30-12:30(E7 - L30),,
125,기초학부,전체,HSS215,01,도시지리학,숀센,기초필수,교과,이론,기초,인문사회,쓰기·읽기 중점,,,등급,3.0,3.0,0.0,N,Y,"월15:00-16:30(E7 - 224), 수15:00-16:30(E7 - 224)",,
126,기초학부,전체,HSS218,01,세계종교입문,박범석,기초필수,교과,이론,기초,인문사회,쓰기·읽기 중점,,,등급,3.0,3.0,0.0,N,N,목13:00-16:00(E7 - L30),,
127,기초학부,전체,HSS221,01,사회과학 특강Ⅰ,곽금주,기초필수,교과,이론,기초,인문사회,쓰기·읽기 중점,,,등급,3.0,3.0,0.0,N,N,화14:00-17:00(E7 - L20),,
128,기초학부,전체,HSS222,01,사회과학 특강Ⅱ - 인류 진화와 문화,이정덕,기초필수,교과,이론,기초,인문사회,쓰기·읽기 중점,,,등급,3.0,3.0,0.0,N,N,수15:00-18:00(E7 - L30),,
129,기초학부,전체,HSS222,02,사회과학 특강Ⅱ - 문화와 사회,최태섭,기초필수,교과,이론,기초,인문사회,쓰기·읽기 중점,,,등급,3.0,3.0,0.0,N,N,목13:00-16:00(E7 - L20),,
130,기초학부,전체,HSS223,01,심리철학 - 영어 강좌,김병재,기초필수,교과,이론,기초,인문사회,쓰기·읽기 중점,,,등급,3.0,3.0,0.0,N,Y,"월14:30-16:00(E7 - 235), 수14:30-16:00(E7 - 235)",,영어 강좌 (Only English)
131,기초학부,전체,HSS301a,01,Scientific Writing,이정아,기초필수,교과,이론,기초,인문사회,쓰기·읽기 중점,,,등급,3.0,3.0,0.0,N,Y,"화09:00-10:30(E7 - L28), 목09:00-10:30(E7 - L28)",,"2019 - 2014 학번:  2학점 SW 대체과목, 선수과목: AE: Research&Writing"
132,기초학부,전체,HSS301a,02,Scientific Writing,Mark Silverlock,기초필수,교과,이론,기초,인문사회,쓰기·읽기 중점,,,등급,3.0,3.0,0.0,N,Y,"월18:00-19:30(E7 - L28), 수18:00-19:30(E7 - L28)",,"2019 - 2014 학번:  2학점 SW 대체과목, 선수과목: AE: Research&Writing"
133,기초학부,전체,INT201,01,국내 인턴십Ⅰ,김소희,심화필수,연구(Internship),실습,심화,현장,인턴십,,,S/U,1.0,0.0,1.0,N,N,토17:00-18:00(E7 - 241),,
134,기초학부,전체,INT202,01,국내 인턴십Ⅱ,김소희,심화필수,연구(Internship),실습,심화,현장,인턴십,,,S/U,1.0,0.0,1.0,N,N,토17:00-18:00(E7 - 241),,
135,기초학부,전체,INT203,01,국내 인턴십Ⅲ,김소희,심화필수,연구(Internship),실습,심화,현장,인턴십,,,S/U,2.0,0.0,2.0,N,N,토17:00-19:00(E7 - 241),,
136,기초학부,전체,INT204,01,국내 인턴십Ⅳ,김소희,심화필수,연구(Internship),실습,심화,현장,인턴십,,,S/U,2.0,0.0,2.0,N,N,토17:00-19:00(E7 - 241),,
137,기초학부,전체,INT211,01,해외 인턴십Ⅴ,김회준,심화필수,연구(Internship),실습,심화,현장,인턴십,,,S/U,2.0,0.0,10.0,N,N,토13:30-23:30(E7 - 241),,
138,기초학부,전체,INT212,01,해외 인턴십Ⅵ,김회준,심화필수,연구(Internship),실습,심화,현장,인턴십,,,S/U,2.0,0.0,10.0,N,N,토13:30-23:30(E7 - 241),,
139,기초학부,전체,INT213,01,해외 인턴십Ⅶ,김회준,심화필수,연구(Internship),실습,심화,현장,인턴십,,,S/U,2.0,0.0,10.0,N,N,토13:30-23:30(E7 - 241),,
140,기초학부,전체,INT214,01,해외 인턴십Ⅷ,김회준,심화필수,연구(Internship),실습,심화,현장,인턴십,,,S/U,2.0,0.0,10.0,N,N,토13:30-23:30(E7 - 241),,
141,기초학부,전체,INT401,01,국내 인턴십 Ⅴ,김소희,심화필수,연구(Internship),실습,심화,현장,인턴십,,,S/U,2.0,0.0,10.0,N,N,토13:30-23:30(E7 - 241),,
142,기초학부,전체,INT402,01,국내 인턴십 Ⅵ,김소희,심화필수,연구(Internship),실습,심화,현장,인턴십,,,S/U,2.0,0.0,10.0,N,N,토13:30-23:30(E7 - 241),,
143,기초학부,전체,LS203,01,세포생물학 실험(이),"이창훈, 정찬, 조정아",심화필수,교과,실습,심화,전공,트랙,생명과학(*)/뇌과학,이학사,등급,3.0,0.0,6.0,N,N,"월16:30-19:30(E4 - 225), 수16:30-19:30(E4 - 225)","(BS114) 생명과학개론 또는 (BS116) 일반생물학Ⅰ, (BS115) 일반생물학 실험",
144,기초학부,전체,LS203,02,세포생물학 실험(이),"정찬, 이창훈, 조정아",심화필수,교과,실습,심화,전공,트랙,생명과학(*)/뇌과학,이학사,등급,3.0,0.0,6.0,N,N,"화15:30-18:30(E4 - 225), 목15:30-18:30(E4 - 225)","(BS114) 생명과학개론 또는 (BS116) 일반생물학Ⅰ, (BS115) 일반생물학 실험",
145,기초학부,전체,LS203,03,세포생물학 실험(이),"조정아, 정찬, 이창훈",심화필수,교과,실습,심화,전공,트랙,생명과학(*)/뇌과학,이학사,등급,3.0,0.0,6.0,N,N,"화15:00-18:00(E4 - 224), 목15:00-18:00(E4 - 224)","(BS114) 생명과학개론 또는 (BS116) 일반생물학Ⅰ, (BS115) 일반생물학 실험",
146,기초학부,전체,LS204,01,세포생물학(이),"백명인, 정영태",심화필수,교과,이론,심화,전공,트랙,생명과학(*)/뇌과학,이학사,등급,3.0,3.0,0.0,N,Y,"화15:00-16:30(E7 - 233), 목15:00-16:30(E7 - 233)",(BS114) 생명과학개론 또는 (BS116) 일반생물학Ⅰ,
147,기초학부,전체,LS204,02,세포생물학(이),"백명인, 정영태",심화필수,교과,이론,심화,전공,트랙,생명과학(*)/뇌과학,이학사,등급,3.0,3.0,0.0,N,Y,"월13:00-14:30(E7 - 236), 수13:00-14:30(E7 - 236)",(BS114) 생명과학개론 또는 (BS116) 일반생물학Ⅰ,
148,기초학부,전체,LS304,01,생명체의 다양성과 유기적 관계(이),이상임,심화필수,교과,이론,심화,전공,트랙,생명과학(*),이학사,등급,3.0,3.0,0.0,N,Y,"화09:00-10:30(E7 - 229), 목09:00-10:30(E7 - 229)",,
149,기초학부,전체,LS305,01,신경과학Ⅰ(이),"서병창, 엄지원",심화필수,교과,이론,심화,전공,트랙,생명과학(*)/뇌과학,이학사,등급,3.0,3.0,0.0,N,Y,"화13:00-14:30(E7 - L21), 목13:00-14:30(E7 - L21)",,"학기변경으로 한시적으로 I,II 함께 개설"
150,기초학부,전체,LS306,01,신경과학Ⅱ(이),"현정호, 이효상, 최한경",심화필수,교과,이론,심화,전공,트랙,생명과학(*)/뇌과학,이학사,등급,3.0,3.0,0.0,N,Y,"월14:30-16:00(E7 - L21), 수14:30-16:00(E7 - L21)",,"학기변경으로 한시적으로 I,II 함께 개설"
151,기초학부,전체,LS308,01,생화학Ⅰ(이),"김진해, 김유리, 이종찬, 이재민",심화필수,교과,이론,심화,전공,트랙,생명과학(*)/뇌과학,이학사,등급,3.0,3.0,0.0,N,Y,"월16:30-18:00(E7 - 241), 수16:30-18:00(E7 - 241)",(BS114) 생명과학개론 또는 (BS116) 일반생물학Ⅰ,
152,기초학부,전체,LS312,01,의약품공학(이),"예경무, 이병훈",심화필수,교과,이론,심화,전공,트랙,생명과학(*),이학사,등급,3.0,3.0,0.0,N,Y,화09:00-12:00(E4 - 113),,
153,기초학부,전체,LS314,01,생명과학 노벨상 수상의  위대한 발견(이),"이병훈, 이송이",심화필수,교과,이론,심화,전공,트랙,생명과학(*),이학사,등급,3.0,3.0,0.0,N,Y,"월09:00-10:30(E7 - 229), 수09:00-10:30(E7 - 229)",,
154,기초학부,전체,LS403,01,발생 및 발달생물학(이),"백명인, 유성운, 곽준명",심화필수,교과,이론,심화,전공,트랙,생명과학(*)/뇌과학,이학사,등급,3.0,3.0,0.0,N,Y,"화10:30-12:00(E7 - L22), 목10:30-12:00(E7 - L22)",,
155,기초학부,전체,LS406,01,"의생명공학(이,공)",이광,심화필수,교과,이론,심화,전공,트랙,생명과학(*),"이학사,공학사",등급,3.0,3.0,0.0,N,Y,금09:00-12:00(E7 - 235),,
156,기초학부,전체,LS407a,01,인체생리학(이),"이재민, 김은경",심화필수,교과,이론,심화,전공,트랙,생명과학(*),이학사,등급,3.0,3.0,0.0,N,Y,"월09:00-10:30(E4 - 406), 수09:00-10:30(E4 - 406)",,
157,기초학부,전체,LS410,01,현대 미생물학(이),"김유리, 정찬",심화필수,교과,이론,심화,전공,트랙,생명과학(*),이학사,등급,3.0,3.0,0.0,N,Y,"월14:30-16:00(E7 - 229), 수14:30-16:00(E7 - 229)",,
158,기초학부,전체,LS411,01,계산뇌과학입문(이),"유우경, 김민환",심화필수,교과,이론,심화,전공,트랙,생명과학(*)/뇌과학,이학사,등급,3.0,3.0,0.0,N,Y,"월10:30-12:00(E4 - 113), 수10:30-12:00(E4 - 113)",,
159,기초학부,전체,LS412,01,뇌질환(이),이성배,심화필수,교과,이론,심화,전공,트랙,생명과학(*)/뇌과학,이학사,등급,3.0,3.0,0.0,N,N,"화09:00-10:30(E7 - 235), 목09:00-10:30(E7 - 235)",,
160,기초학부,전체,MECH201,01,고체역학(공),장경인,심화필수,교과,이론,심화,전공,트랙,기계공학(*),공학사,등급,3.0,3.0,0.0,N,Y,"월13:00-14:30(E7 - L31), 수13:00-14:30(E7 - L31)",,
161,기초학부,전체,MECH301,01,인간과 공학(공),"김회준, 이성민, 박준혁, 남강현, 정소현, 김기섭",심화필수,교과,이론,심화,전공,트랙,기계공학(*),공학사,등급,3.0,3.0,0.0,N,Y,금13:00-16:00(E7 - L21),,
162,기초학부,전체,MECH306,01,진동공학(공),임용섭,심화필수,교과,이론,심화,전공,트랙,기계공학(*),공학사,등급,3.0,3.0,0.0,N,Y,"월10:30-12:00(E5 - 116), 수10:30-12:00(E5 - 116)",(MECH203) 동역학(공),
163,기초학부,전체,MECH309,01,자동제어시스템(공),박석호,심화필수,교과,이론,심화,전공,트랙,기계공학(*)/전자공학,공학사,등급,3.0,3.0,0.0,N,Y,"화10:30-12:00(E7 - 236), 목10:30-12:00(E7 - 236)",,
164,기초학부,전체,MECH311,01,유체역학(공),정소현,심화필수,교과,이론,심화,전공,트랙,기계공학(*)/화학공학,공학사,등급,3.0,3.0,0.0,N,Y,수17:30-20:30(E7 - 233),,
165,기초학부,전체,MECH313,01,로봇전자공학(공),박경서,심화필수,교과,이론,심화,전공,트랙,기계공학(*),공학사,등급,3.0,3.0,0.0,N,Y,"월16:00-17:30(E5 - 217), 수16:00-17:30(E5 - 217)",(BE205) 회로이론과 계측법(이론),
166,기초학부,전체,MECH401,01,로봇동역학 및 제어(공),황민호,심화필수,교과,이론,심화,전공,트랙,기계공학(*),공학사,등급,3.0,3.0,0.0,N,Y,"화10:30-12:00(E7 - G01), 목10:30-12:00(E7 - G01)","(MECH203) 동역학(공), (MECH309) 자동제어시스템(공)",
167,기초학부,전체,MECH402,01,마이크로/나노공학(공),이재홍,심화필수,교과,이론,심화,전공,트랙,기계공학(*),공학사,등급,3.0,3.0,0.0,N,Y,"화13:00-14:30(E7 - 229), 목13:00-14:30(E7 - 229)","(MECH201) 고체역학 (공), (MECH311) 유체역학 (공)",
168,기초학부,전체,MECH407,01,모빌리티공학개론(공),이성민,심화필수,교과,이론,심화,전공,트랙,기계공학(*),공학사,등급,3.0,3.0,0.0,N,Y,"화16:30-18:00(E5 - 217), 목16:30-18:00(E5 - 217)",,신규개설
169,기초학부,전체,MSE305a,01,"재료공학개론Ⅰ(이,공)",이주혁,심화필수,교과,이론,심화,전공,트랙,재료공학(*)/화학,"이학사,공학사",등급,3.0,3.0,0.0,N,Y,"월09:00-10:30(E7 - L20), 수09:00-10:30(E7 - L20)",,
170,기초학부,전체,MSE307,01,재료공학실험(공),"김진수, 이성원, 이주혁, 이종수, 이신범",심화필수,교과,실습,심화,전공,트랙,재료공학(*),공학사,등급,3.0,0.0,6.0,N,Y,"수16:30-19:30(E6 - 223), 금13:00-16:00(E6 - 223)",,
171,기초학부,전체,MSE402,01,재료상변태(공),김진수,심화필수,교과,이론,심화,전공,트랙,재료공학(*)/물리학,공학사,등급,3.0,3.0,0.0,N,Y,"수10:30-12:00(E7 - 223), 금10:30-12:00(E7 - 223)",,
172,기초학부,전체,MSE407,01,재료의 기계적 거동(공),김영규,심화필수,교과,이론,심화,전공,트랙,재료공학(*),공학사,등급,3.0,3.0,0.0,N,N,"월13:30-15:00(E7 - L20), 수13:30-15:00(E7 - L20)",,신규개설
173,기초학부,전체,PHY202a,01,"해석역학Ⅰ(이,공)",이재동,심화필수,교과,이론,심화,전공,트랙,물리학(*),"이학사,공학사",등급,3.0,3.0,0.0,N,Y,"월16:00-17:30(E7 - G02), 수16:00-17:30(E7 - G02)",,
174,기초학부,전체,PHY205a,01,현대물리(이),김소연,심화필수,교과,이론,심화,전공,트랙,물리학(*),이학사,등급,3.0,3.0,0.0,N,Y,"월11:00-12:30(E7 - L22), 수11:00-12:30(E7 - L22)",,
175,기초학부,전체,PHY302a,01,고급물리 실험(이),"박기성, 김소연, 서정필",심화필수,교과,실습,심화,전공,트랙,물리학(*),이학사,등급,2.0,0.0,4.0,N,Y,"월13:00-15:00(E2 - 219), 수13:00-15:00(E2 - 219)",,
176,기초학부,전체,PHY304,01,"양자역학Ⅰ(이,공)",박기성,심화필수,교과,이론,심화,전공,트랙,물리학(*),"이학사,공학사",등급,3.0,3.0,0.0,N,Y,"월09:00-10:30(E7 - 223), 수09:00-10:30(E7 - 223)","(PHY202a) 해석역학Ⅰ(이,공) 또는 (PHY203a) 전기역학 I(이)",
177,기초학부,전체,PHY306,01,수리물리(이),최승호,심화필수,교과,이론,심화,전공,트랙,물리학(*),이학사,등급,3.0,3.0,0.0,N,Y,"화09:00-10:30(E7 - L31), 목09:00-10:30(E7 - L31)",,
178,기초학부,전체,PHY308,01,전기역학Ⅱ(이),유천열,심화필수,교과,이론,심화,전공,트랙,물리학(*),이학사,등급,3.0,3.0,0.0,N,Y,"화10:30-12:00(E2 - 525), 목10:30-12:00(E2 - 525)",,
179,기초학부,전체,PHY401,01,"현대광학(이,공)",이기준,심화필수,교과,이론,심화,전공,트랙,물리학(*),"이학사,공학사",등급,3.0,3.0,0.0,N,Y,"화10:30-12:00(E7 - L21), 목10:30-12:00(E7 - L21)",(PHY203a) 전기역학 I(이),
180,기초학부,전체,PHY403,01,"고체물리Ⅱ(이,공)",홍정일,심화필수,교과,이론,심화,전공,트랙,물리학(*),"이학사,공학사",등급,3.0,3.0,0.0,N,Y,"월10:30-12:00(E2 - 324), 수10:30-12:00(E2 - 324)","(PHY304) 양자역학Ⅰ(이,공)",
181,기초학부,전체,PHY405,01,"생물물리학(이,공)",이종찬,심화필수,교과,이론,심화,전공,트랙,물리학(*),"이학사,공학사",등급,3.0,3.0,0.0,N,Y,금13:00-16:00(E7 - L22),,
182,기초학부,전체,PHY406,01,전산물리(이),강준구,심화필수,교과,이론,심화,전공,트랙,물리학(*),이학사,등급,3.0,3.0,0.0,N,Y,"화14:30-16:00(E7 - 229), 목14:30-16:00(E7 - 229)",,
183,기초학부,전체,PHY408,01,"원자분자물리학(이,공)",허승정,심화필수,교과,이론,심화,전공,트랙,물리학(*),"이학사,공학사",등급,3.0,3.0,0.0,N,Y,"화13:00-14:30(E7 - G02), 목13:00-14:30(E7 - G02)",,신규개설
184,기초학부,학사,RP301,01,UGRP I - 니켈 촉매 반응을 통한 규소를 함유한 다치환 방향족 화합물의 합성,정병혁,심화필수,교과,이론,심화,연구,UGRP,,,S/U,3.0,3.0,0.0,N,N,토18:00-21:00(E7 - 236),,
185,기초학부,학사,RP301,02,UGRP I - 단일배위 저산화수 보론화합물의 합성 및 반응성 연구,문혜원,심화필수,교과,이론,심화,연구,UGRP,,,S/U,3.0,3.0,0.0,N,N,토18:00-21:00(E7 - 236),,
186,기초학부,학사,RP301,03,UGRP I - 세포 융합 기반 나이 조절을 통한 뇌질환 기전 억제 화합물 개발,김태완,심화필수,교과,이론,심화,연구,UGRP,,,S/U,3.0,3.0,0.0,N,N,토18:00-21:00(E7 - 236),,
187,기초학부,학사,RP301,04,UGRP I - 가시광선을 이용한 지속가능한 유기합성법 개발,"서상원, 이성기",심화필수,교과,이론,심화,연구,UGRP,,,S/U,3.0,3.0,0.0,N,N,토18:00-21:00(E7 - 236),,
188,기초학부,학사,RP301,05,UGRP I - 생성형 AI 기반 I-Q 신호 복원 및 파운데이션 모델 연구,최재호,심화필수,교과,이론,심화,연구,UGRP,,,S/U,3.0,3.0,0.0,N,N,토18:00-21:00(E7 - 236),,
189,기초학부,학사,RP301,06,UGRP I - 초전도 큐비트 제작 및 특성 평가,"유천열, 권상일",심화필수,교과,이론,심화,연구,UGRP,,,S/U,3.0,3.0,0.0,N,N,토18:00-21:00(E7 - 236),,
190,기초학부,학사,RP301,07,UGRP I - 뇌신경질환의 전자 시스템적 해석을 위한 뇌 디지털 트윈 개발,최지웅,심화필수,교과,이론,심화,연구,UGRP,,,S/U,3.0,3.0,0.0,N,N,토18:00-21:00(E7 - 236),,
191,기초학부,학사,RP301,08,UGRP I - 3D 프린팅으로 구현한 피부통합형 센서를 이용한 차세대 HCI 시스템 개발,이병문,심화필수,교과,이론,심화,연구,UGRP,,,S/U,3.0,3.0,0.0,N,N,토18:00-21:00(E7 - 236),,
192,기초학부,학사,RP301,09,UGRP I - 유튜브 협업 네트워크에서의 유튜버 관계 예측 및 군집 분석,장준기,심화필수,교과,이론,심화,연구,UGRP,,,S/U,3.0,3.0,0.0,N,N,토18:00-21:00(E7 - 236),,
193,기초학부,학사,RP301,10,UGRP I - 비불소계 고분자를 활용한 지속가능형 건식 음극 제조,김진수,심화필수,교과,이론,심화,연구,UGRP,,,S/U,3.0,3.0,0.0,N,N,토18:00-21:00(E7 - 236),,
194,기초학부,학사,RP301,11,UGRP I - 1.58-bit 초경량 VLA 와 소프트 로보틱스를 융합한 지능형 물체 전달 로봇팔 개발,"송석호, 이상철",심화필수,교과,이론,심화,연구,UGRP,,,S/U,3.0,3.0,0.0,N,N,토18:00-21:00(E7 - 236),,
195,기초학부,학사,RP301,12,UGRP I - 인공지능 기반 자율주행 로봇의 협력·이타적 판단 및 주행을 위한 신개념 경로 계획 도출 연구,"임용섭, 남강현",심화필수,교과,이론,심화,연구,UGRP,,,S/U,3.0,3.0,0.0,N,N,토18:00-21:00(E7 - 236),,
196,기초학부,학사,RP301,13,UGRP I - 새의 비행 적응에 관한 과학관 전시 모델 디자인 ,"이상임, 박종래",심화필수,교과,이론,심화,연구,UGRP,,,S/U,3.0,3.0,0.0,N,N,토18:00-21:00(E7 - 236),,
197,기초학부,학사,RP301,14,UGRP I - 자외선 차단 기능성 생체모사 시나페이트-리그닌 복합 하이드로겔 기반 상처 치유 플랫폼 개발,홍선기,심화필수,교과,이론,심화,연구,UGRP,,,S/U,3.0,3.0,0.0,N,N,토18:00-21:00(E7 - 236),,
198,기초학부,학사,RP301,15,UGRP I - Chromatin remodeler의 기능 및 IDR 구조 분석을 통한 발암 억제 기능 연구,"기영훈, Felix Jonas",심화필수,교과,이론,심화,연구,UGRP,,,S/U,3.0,3.0,0.0,N,N,토18:00-21:00(E7 - 236),,
199,기초학부,학사,RP301,16,UGRP I - 머신 러닝 기법을 활용한 엑스선 회절 이미지의 신호대잡음비 개선 및 구조동역학 정보의 복원,김종구,심화필수,교과,이론,심화,연구,UGRP,,,S/U,3.0,3.0,0.0,N,N,토18:00-21:00(E7 - 236),,
200,기초학부,학사,RP301,17,UGRP I - 물 정화를 위한 과불화화합물 흡착용 금속-유기 골격체 개발 연구,박진희,심화필수,교과,이론,심화,연구,UGRP,,,S/U,3.0,3.0,0.0,N,N,토18:00-21:00(E7 - 236),,
201,기초학부,학사,RP301,18,UGRP I - 세포 내에서의 RNA 분자의 단일 분자 수준 관찰,이종찬,심화필수,교과,이론,심화,연구,UGRP,,,S/U,3.0,3.0,0.0,N,N,토18:00-21:00(E7 - 236),,
202,기초학부,학사,RP301,19,UGRP I - AI 기반 세포막 수용체 활성 조절 및 질환 제어 메커니즘 연구,이창훈,심화필수,교과,이론,심화,연구,UGRP,,,S/U,3.0,3.0,0.0,N,N,토18:00-21:00(E7 - 236),,
203,기초학부,학사,RP301,20,UGRP I - 신경 퇴행성 질환에서 비만의 영향 및 매개 경로 규명,이성배,심화필수,교과,이론,심화,연구,UGRP,,,S/U,3.0,3.0,0.0,N,N,토18:00-21:00(E7 - 236),,
204,기초학부,학사,RP301,21,UGRP I -  대규모 미지 환경의 Exploration 효율 향상 및 다중 Task 완수를 위한 멀티 로봇의 랑데부 기반 분산 의사결정 전략 연구,김기섭,심화필수,교과,이론,심화,연구,UGRP,,,S/U,3.0,3.0,0.0,N,N,토18:00-21:00(E7 - 236),,"로봇및기계전자공학과 소속 김기섭 교수, Professor Giseop Kim, Department of Robotics and Mechatronics Engineering"
205,기초학부,학사,RP301,22,UGRP I - Sebacates 계열 PVC Gel 기반 트라이보전기 나노발전기의 온도 안정성 평가 및 웨어러블·IoT 응용,이주혁,심화필수,교과,이론,심화,연구,UGRP,,,S/U,3.0,3.0,0.0,N,N,토18:00-21:00(E7 - 236),,
206,기초학부,학사,RP301,23,UGRP I - EEG-초음파 멀티모달 입력을 활용한 실시간 초음파 지연 보완 예측 모델 연구,황재윤,심화필수,교과,이론,심화,연구,UGRP,,,S/U,3.0,3.0,0.0,N,N,토18:00-21:00(E7 - 236),,
207,기초학부,학사,RP301,24,UGRP I - XR 환경에서의 SDF 기반 연성 그림자(Soft Shadows)와 깊이 지각 정확도 연구,길현재,심화필수,교과,이론,심화,연구,UGRP,,,S/U,3.0,3.0,0.0,N,N,토18:00-21:00(E7 - 236),,
208,기초학부,학사,RP301,25,UGRP I - p-i-n 구조 페로브스카이트 태양 전지(PSCs)의 안정성 및 효율 개선을 위한 소재 개질 연구 ,최종민,심화필수,교과,이론,심화,연구,UGRP,,,S/U,3.0,3.0,0.0,N,N,토18:00-21:00(E7 - 236),,
209,기초학부,학사,RP301,26,UGRP I - 군집 드론의 강건성 확보를 위한 SLAM 기반 동적 임무 재분배 알고리즘 연구,김백규,심화필수,교과,이론,심화,연구,UGRP,,,S/U,3.0,3.0,0.0,N,N,토18:00-21:00(E7 - 236),,
210,기초학부,학사,RP301,27,UGRP I - 에어로겔 전환을 갖는 산불 화재 방지 자연기반 폴리페놀 하이드로겔 ,김성균,심화필수,교과,이론,심화,연구,UGRP,,,S/U,3.0,3.0,0.0,N,N,토18:00-21:00(E7 - 236),,
211,기초학부,학사,RP301,28,UGRP I - 비정형 환경 내 작업을 위한 Vision-Language-Action Model 기반 로봇 팔 제어 시스템 개발,박경준,심화필수,교과,이론,심화,연구,UGRP,,,S/U,3.0,3.0,0.0,N,N,토18:00-21:00(E7 - 236),,
212,기초학부,학사,RP301,29,UGRP I - 초고색순도 디스플레이 구현을 위한 양자점 기반 색변환층 개발,양지웅,심화필수,교과,이론,심화,연구,UGRP,,,S/U,3.0,3.0,0.0,N,N,토18:00-21:00(E7 - 236),,
213,기초학부,학사,RP301,30,UGRP I - 의미적 상태 추상화를 통한 생체 신호 기반 동적 장면 제어,목지수,심화필수,교과,이론,심화,연구,UGRP,,,S/U,3.0,3.0,0.0,N,N,토18:00-21:00(E7 - 236),,
214,기초학부,학사,RP301,31,UGRP I - 다양한 캠퍼스 환경에 대응하는 자율주행 구체 로봇 개발 ,"김기섭, 박준혁",심화필수,교과,이론,심화,연구,UGRP,,,S/U,3.0,3.0,0.0,N,N,토18:00-21:00(E7 - 236),,"로봇및기계전자공학과 소속 김기섭 교수, Professor Giseop Kim, Department of Robotics and Mechatronics Engineering"
215,기초학부,학사,RP301,32,UGRP I - 사용자 상호작용형 멀티모달 로봇 디스플레이 제어 시스템,황민호,심화필수,교과,이론,심화,연구,UGRP,,,S/U,3.0,3.0,0.0,N,N,토18:00-21:00(E7 - 236),,
216,기초학부,학사,RP301,33,UGRP I - 장기간 모니터링을 위한 소형 ECG 장치의 전극 디자인 최적화 연구,이정협,심화필수,교과,이론,심화,연구,UGRP,,,S/U,3.0,3.0,0.0,N,N,토18:00-21:00(E7 - 236),,
217,기초학부,학사,RP301,34,UGRP I - 결함 허용 및 장애물 회피 기능을 갖춘 현수하물 탑재 드론의 강건 통합 비행 제어 시스템 연구,이성민,심화필수,교과,이론,심화,연구,UGRP,,,S/U,3.0,3.0,0.0,N,N,토18:00-21:00(E7 - 236),,
218,기초학부,학사,RP301,35,UGRP I - Active Notch Filter 기반 저잡음 아날로그 프런트엔드(AFE)를 활용한 고정밀 SSVEP-BCI 시스템 구현,송민영,심화필수,교과,이론,심화,연구,UGRP,,,S/U,3.0,3.0,0.0,N,N,토18:00-21:00(E7 - 236),,
219,기초학부,학사,RP301,36,UGRP I - 보상 신호 처리 과정 중 선조체 하위 영역별 도파민-세로토닌의 기능적 역할 탐구,이광,심화필수,교과,이론,심화,연구,UGRP,,,S/U,3.0,3.0,0.0,N,N,토18:00-21:00(E7 - 236),,
220,기초학부,학사,RP301,37,UGRP I - 2D 반도체 기반 양자소자 제작 및 극저온 분석을 위한 STM 고도화 연구,"서정필, 정민경",심화필수,교과,이론,심화,연구,UGRP,,,S/U,3.0,3.0,0.0,N,N,토18:00-21:00(E7 - 236),,
221,기초학부,학사,RP301,38,UGRP I - 오디오-비디오 멀티모달 상호작용을 활용한 고정밀 비디오 템포럴 그라운딩 연구,"박대희, 목지수",심화필수,교과,이론,심화,연구,UGRP,,,S/U,3.0,3.0,0.0,N,N,토18:00-21:00(E7 - 236),,
222,기초학부,학사,RP301,39,UGRP I - 인공지능을 활용한 상처 치료용 신규 미니바인더 설계 및 결합 구조 예측,이창훈,심화필수,교과,이론,심화,연구,UGRP,,,S/U,3.0,3.0,0.0,N,N,토18:00-21:00(E7 - 236),,
223,기초학부,학사,RP301,40,UGRP I - 인공 근육을 활용한 새 모사 로봇 개발,윤동원,심화필수,교과,이론,심화,연구,UGRP,,,S/U,3.0,3.0,0.0,N,N,토18:00-21:00(E7 - 236),,
224,기초학부,학사,RP301,41,UGRP I - 실시간 모니터링과 전기장 on demand 제어 기반 자율형 스마트 약물 방출 시스템,"이재홍, 정소현",심화필수,교과,이론,심화,연구,UGRP,,,S/U,3.0,3.0,0.0,N,N,토18:00-21:00(E7 - 236),,
225,기초학부,학사,RP301,42,UGRP I - 가변적 로봇 통신 환경에 대응하는 적응형 이퀄라이제이션 연구,김가인,심화필수,교과,이론,심화,연구,UGRP,,,S/U,3.0,3.0,0.0,N,N,토18:00-21:00(E7 - 236),,
226,기초학부,학사,RP301,43,UGRP I - 로봇 파운데이션 모델 기반 데이터 효율적 작업 적응 기술 연구,임성훈,심화필수,교과,이론,심화,연구,UGRP,,,S/U,3.0,3.0,0.0,N,N,토18:00-21:00(E7 - 236),,
227,기초학부,학사,RP301,44,UGRP I - 비전 트랜스포머와 합성곱 신경망에서의 파국적 망각에 대한 비교 연구,김기섭,심화필수,교과,이론,심화,연구,UGRP,,,S/U,3.0,3.0,0.0,N,N,토18:00-21:00(E7 - 236),,"전기전자컴퓨터공학과 소속 김기섭 교수, Kisub Kim, Professor, Department of Electrical Engineering and Computer Science"
228,기초학부,학사,RP301,45,UGRP I - 자기 조립 로봇 군집,은용순,심화필수,교과,이론,심화,연구,UGRP,,,S/U,3.0,3.0,0.0,N,N,토18:00-21:00(E7 - 236),,
229,기초학부,학사,RP301,46,UGRP I - FPS 모바일 게임 환경에서 클로 그립 조작 효율성 극대화를 위한 UI 배치 최적화,김선준,심화필수,교과,이론,심화,연구,UGRP,,,S/U,3.0,3.0,0.0,N,N,토18:00-21:00(E7 - 236),,
230,기초학부,학사,RP301,47,UGRP I - Bilayer ionomer의 구성 비율 최적화를 통한 CO2 환원 반응의 염 침전 억제 연구,김찬연,심화필수,교과,이론,심화,연구,UGRP,,,S/U,3.0,3.0,0.0,N,N,토18:00-21:00(E7 - 236),,
231,기초학부,학사,RP301,48,UGRP I - 월드 모델 및 시맨틱 통신을 활용한 실시간 비동기 MARL: 버그하우스를 중심으로,박대희,심화필수,교과,이론,심화,연구,UGRP,,,S/U,3.0,3.0,0.0,N,N,토18:00-21:00(E7 - 236),,
232,기초학부,학사,RP301,49,UGRP I - Sodium 이온 전지의 열적 안정성 연구,이호춘,심화필수,교과,이론,심화,연구,UGRP,,,S/U,3.0,3.0,0.0,N,N,토18:00-21:00(E7 - 236),,
233,기초학부,학사,RP301,50,UGRP I - 소음 환경 취약계층의 수면 건강권 보장를 위한 회로 기반 ANC 수면 디바이스 개발,이경태,심화필수,교과,이론,심화,연구,UGRP,,,S/U,3.0,3.0,0.0,N,N,토18:00-21:00(E7 - 236),,
234,기초학부,학사,RP301,51,UGRP I - Fitbit 기반 실생활 수면 모니터링 및 fNIRS 분석을 통한 후각 솔루션의 고립 청년 자존감 회복 기전 규명,최한경,심화필수,교과,이론,심화,연구,UGRP,,,S/U,3.0,3.0,0.0,N,N,토18:00-21:00(E7 - 236),,
235,기초학부,전체,RP401,01,Thesis,문제일,심화선택,연구(Thesis),이론,심화,연구,Thesis,,,S/U,1.0,5.0,0.0,Y,N,토15:00-20:00(E7 - 233),,
236,기초학부,전체,RP401,02,Thesis,유성운,심화선택,연구(Thesis),이론,심화,연구,Thesis,,,S/U,1.0,5.0,0.0,Y,N,토15:00-20:00(E7 - 233),,
237,기초학부,전체,RP401,03,Thesis,김은경,심화선택,연구(Thesis),이론,심화,연구,Thesis,,,S/U,1.0,5.0,0.0,Y,N,토15:00-20:00(E7 - 233),,
238,기초학부,전체,RP401,04,Thesis,서병창,심화선택,연구(Thesis),이론,심화,연구,Thesis,,,S/U,1.0,5.0,0.0,Y,N,토15:00-20:00(E7 - 233),,
239,기초학부,전체,RP401,05,Thesis,김규형,심화선택,연구(Thesis),이론,심화,연구,Thesis,,,S/U,1.0,5.0,0.0,Y,N,토15:00-20:00(E7 - 233),,
240,기초학부,전체,RP401,06,Thesis,이석규,심화선택,연구(Thesis),이론,심화,연구,Thesis,,,S/U,1.0,5.0,0.0,Y,N,토15:00-20:00(E7 - 233),,
241,기초학부,전체,RP401,07,Thesis,이성배,심화선택,연구(Thesis),이론,심화,연구,Thesis,,,S/U,1.0,5.0,0.0,Y,N,토15:00-20:00(E7 - 233),,
242,기초학부,전체,RP401,08,Thesis,오용석,심화선택,연구(Thesis),이론,심화,연구,Thesis,,,S/U,1.0,5.0,0.0,Y,N,토15:00-20:00(E7 - 233),,
243,기초학부,전체,RP401,09,Thesis,이효상,심화선택,연구(Thesis),이론,심화,연구,Thesis,,,S/U,1.0,5.0,0.0,Y,N,토15:00-20:00(E7 - 233),,
244,기초학부,전체,RP401,10,Thesis,최한경,심화선택,연구(Thesis),이론,심화,연구,Thesis,,,S/U,1.0,5.0,0.0,Y,N,토15:00-20:00(E7 - 233),,
245,기초학부,전체,RP401,11,Thesis,유우경,심화선택,연구(Thesis),이론,심화,연구,Thesis,,,S/U,1.0,5.0,0.0,Y,N,토15:00-20:00(E7 - 233),,
246,기초학부,전체,RP401,12,Thesis,고재원,심화선택,연구(Thesis),이론,심화,연구,Thesis,,,S/U,1.0,5.0,0.0,Y,N,토15:00-20:00(E7 - 233),,
247,기초학부,전체,RP401,13,Thesis,엄지원,심화선택,연구(Thesis),이론,심화,연구,Thesis,,,S/U,1.0,5.0,0.0,Y,N,토15:00-20:00(E7 - 233),,
248,기초학부,전체,RP401,14,Thesis,백명인,심화선택,연구(Thesis),이론,심화,연구,Thesis,,,S/U,1.0,5.0,0.0,Y,N,토15:00-20:00(E7 - 233),,
249,기초학부,전체,RP401,15,Thesis,이광,심화선택,연구(Thesis),이론,심화,연구,Thesis,,,S/U,1.0,5.0,0.0,Y,N,토15:00-20:00(E7 - 233),,
250,기초학부,전체,RP401,16,Thesis,현정호,심화선택,연구(Thesis),이론,심화,연구,Thesis,,,S/U,1.0,5.0,0.0,Y,N,토15:00-20:00(E7 - 233),,
251,기초학부,전체,RP401,17,Thesis,조용철,심화선택,연구(Thesis),이론,심화,연구,Thesis,,,S/U,1.0,5.0,0.0,Y,N,토15:00-20:00(E7 - 233),,
252,기초학부,전체,RP401,18,Thesis,김민환,심화선택,연구(Thesis),이론,심화,연구,Thesis,,,S/U,1.0,5.0,0.0,Y,N,토15:00-20:00(E7 - 233),,
253,기초학부,전체,RP401,19,Thesis,박포정,심화선택,연구(Thesis),이론,심화,연구,Thesis,,,S/U,1.0,5.0,0.0,Y,N,토15:00-20:00(E7 - 233),,
254,기초학부,전체,RP402,01,Thesis,구재형,심화선택,연구(Thesis),이론,심화,연구,Thesis,,,S/U,1.0,5.0,0.0,Y,N,토15:00-20:00(E7 - 233),,
255,기초학부,전체,RP402,02,Thesis,이창훈,심화선택,연구(Thesis),이론,심화,연구,Thesis,,,S/U,1.0,5.0,0.0,Y,N,토15:00-20:00(E7 - 233),,
256,기초학부,전체,RP402,03,Thesis,남창훈,심화선택,연구(Thesis),이론,심화,연구,Thesis,,,S/U,1.0,5.0,0.0,Y,N,토15:00-20:00(E7 - 233),,
257,기초학부,전체,RP402,04,Thesis,우혜련,심화선택,연구(Thesis),이론,심화,연구,Thesis,,,S/U,1.0,5.0,0.0,Y,N,토15:00-20:00(E7 - 233),,
258,기초학부,전체,RP402,05,Thesis,곽준명,심화선택,연구(Thesis),이론,심화,연구,Thesis,,,S/U,1.0,5.0,0.0,Y,N,토15:00-20:00(E7 - 233),,
259,기초학부,전체,RP402,06,Thesis,이영삼,심화선택,연구(Thesis),이론,심화,연구,Thesis,,,S/U,1.0,5.0,0.0,Y,N,토15:00-20:00(E7 - 233),,
260,기초학부,전체,RP402,07,Thesis,이상임,심화선택,연구(Thesis),이론,심화,연구,Thesis,,,S/U,1.0,5.0,0.0,Y,N,토15:00-20:00(E7 - 233),,
261,기초학부,전체,RP402,08,Thesis,이병훈,심화선택,연구(Thesis),이론,심화,연구,Thesis,,,S/U,1.0,5.0,0.0,Y,N,토15:00-20:00(E7 - 233),,
262,기초학부,전체,RP402,09,Thesis,김민석,심화선택,연구(Thesis),이론,심화,연구,Thesis,,,S/U,1.0,5.0,0.0,Y,N,토15:00-20:00(E7 - 233),,
263,기초학부,전체,RP402,10,Thesis,이재민,심화선택,연구(Thesis),이론,심화,연구,Thesis,,,S/U,1.0,5.0,0.0,Y,N,토15:00-20:00(E7 - 233),,
264,기초학부,전체,RP402,11,Thesis,예경무,심화선택,연구(Thesis),이론,심화,연구,Thesis,,,S/U,1.0,5.0,0.0,Y,N,토15:00-20:00(E7 - 233),,
265,기초학부,전체,RP402,12,Thesis,김진해,심화선택,연구(Thesis),이론,심화,연구,Thesis,,,S/U,1.0,5.0,0.0,Y,N,토15:00-20:00(E7 - 233),,
266,기초학부,전체,RP402,13,Thesis,이종찬,심화선택,연구(Thesis),이론,심화,연구,Thesis,,,S/U,1.0,5.0,0.0,Y,N,토15:00-20:00(E7 - 233),,
267,기초학부,전체,RP402,14,Thesis,정영태,심화선택,연구(Thesis),이론,심화,연구,Thesis,,,S/U,1.0,5.0,0.0,Y,N,토15:00-20:00(E7 - 233),,
268,기초학부,전체,RP402,15,Thesis,김민식,심화선택,연구(Thesis),이론,심화,연구,Thesis,,,S/U,1.0,5.0,0.0,Y,N,토15:00-20:00(E7 - 233),,
269,기초학부,전체,RP402,16,Thesis,기영훈,심화선택,연구(Thesis),이론,심화,연구,Thesis,,,S/U,1.0,5.0,0.0,Y,N,토15:00-20:00(E7 - 233),,
270,기초학부,전체,RP402,17,Thesis,김유리,심화선택,연구(Thesis),이론,심화,연구,Thesis,,,S/U,1.0,5.0,0.0,Y,N,토15:00-20:00(E7 - 233),,
271,기초학부,전체,RP402,18,Thesis,정찬,심화선택,연구(Thesis),이론,심화,연구,Thesis,,,S/U,1.0,5.0,0.0,Y,N,토15:00-20:00(E7 - 233),,
272,기초학부,전체,RP402,19,Thesis,최일규,심화선택,연구(Thesis),이론,심화,연구,Thesis,,,S/U,1.0,5.0,0.0,Y,N,토15:00-20:00(E7 - 233),,
273,기초학부,전체,RP402,20,Thesis,김태완,심화선택,연구(Thesis),이론,심화,연구,Thesis,,,S/U,1.0,5.0,0.0,Y,N,토15:00-20:00(E7 - 233),,
274,기초학부,전체,RP402,21,Thesis,이송이,심화선택,연구(Thesis),이론,심화,연구,Thesis,,,S/U,1.0,5.0,0.0,Y,N,토15:00-20:00(E7 - 233),,
275,기초학부,전체,RP402,22,Thesis,Felix Jonas,심화선택,연구(Thesis),이론,심화,연구,Thesis,,,S/U,1.0,5.0,0.0,Y,N,토15:00-20:00(E7 - 233),,
276,기초학부,전체,RP403,01,Thesis,오세훈,심화선택,연구(Thesis),이론,심화,연구,Thesis,,,S/U,1.0,5.0,0.0,Y,N,토15:00-20:00(E7 - 233),,
277,기초학부,전체,RP403,02,Thesis,김기섭,심화선택,연구(Thesis),이론,심화,연구,Thesis,,,S/U,1.0,5.0,0.0,Y,N,토15:00-20:00(E7 - 233),,"로봇및기계전자공학과 소속 김기섭 교수, Professor Giseop Kim, Department of Robotics and Mechatronics Engineering"
278,기초학부,전체,RP403,03,Thesis,김동욱,심화선택,연구(Thesis),이론,심화,연구,Thesis,,,S/U,1.0,5.0,0.0,Y,N,토15:00-20:00(E7 - 233),,
279,기초학부,전체,RP403,04,Thesis,김봉훈,심화선택,연구(Thesis),이론,심화,연구,Thesis,,,S/U,1.0,5.0,0.0,Y,N,토15:00-20:00(E7 - 233),,
280,기초학부,전체,RP403,05,Thesis,김소희,심화선택,연구(Thesis),이론,심화,연구,Thesis,,,S/U,1.0,5.0,0.0,Y,N,토15:00-20:00(E7 - 233),,
281,기초학부,전체,RP403,06,Thesis,김회준,심화선택,연구(Thesis),이론,심화,연구,Thesis,,,S/U,1.0,5.0,0.0,Y,N,토15:00-20:00(E7 - 233),,
282,기초학부,전체,RP403,07,Thesis,남강현,심화선택,연구(Thesis),이론,심화,연구,Thesis,,,S/U,1.0,5.0,0.0,Y,N,토15:00-20:00(E7 - 233),,
283,기초학부,전체,RP403,08,Thesis,문인규,심화선택,연구(Thesis),이론,심화,연구,Thesis,,,S/U,1.0,5.0,0.0,Y,N,토15:00-20:00(E7 - 233),,
284,기초학부,전체,RP403,09,Thesis,박경서,심화선택,연구(Thesis),이론,심화,연구,Thesis,,,S/U,1.0,5.0,0.0,Y,N,토15:00-20:00(E7 - 233),,
285,기초학부,전체,RP403,10,Thesis,박상현,심화선택,연구(Thesis),이론,심화,연구,Thesis,,,S/U,1.0,5.0,0.0,Y,N,토15:00-20:00(E7 - 233),,
286,기초학부,전체,RP403,11,Thesis,박석호,심화선택,연구(Thesis),이론,심화,연구,Thesis,,,S/U,1.0,5.0,0.0,Y,N,토15:00-20:00(E7 - 233),,
287,기초학부,전체,RP403,12,Thesis,박준혁,심화선택,연구(Thesis),이론,심화,연구,Thesis,,,S/U,1.0,5.0,0.0,Y,N,토15:00-20:00(E7 - 233),,
288,기초학부,전체,RP403,13,Thesis,송석호,심화선택,연구(Thesis),이론,심화,연구,Thesis,,,S/U,1.0,5.0,0.0,Y,N,토15:00-20:00(E7 - 233),,
289,기초학부,전체,RP403,14,Thesis,송철,심화선택,연구(Thesis),이론,심화,연구,Thesis,,,S/U,1.0,5.0,0.0,Y,N,토15:00-20:00(E7 - 233),,
290,기초학부,전체,RP403,15,Thesis,유재석,심화선택,연구(Thesis),이론,심화,연구,Thesis,,,S/U,1.0,5.0,0.0,Y,N,토15:00-20:00(E7 - 233),,
291,기초학부,전체,RP403,16,Thesis,윤동원,심화선택,연구(Thesis),이론,심화,연구,Thesis,,,S/U,1.0,5.0,0.0,Y,N,토15:00-20:00(E7 - 233),,
292,기초학부,전체,RP403,17,Thesis,이상훈,심화선택,연구(Thesis),이론,심화,연구,Thesis,,,S/U,1.0,5.0,0.0,Y,N,토15:00-20:00(E7 - 233),,
293,기초학부,전체,RP403,18,Thesis,이성민,심화선택,연구(Thesis),이론,심화,연구,Thesis,,,S/U,1.0,5.0,0.0,Y,N,토15:00-20:00(E7 - 233),,
294,기초학부,전체,RP403,19,Thesis,이아형,심화선택,연구(Thesis),이론,심화,연구,Thesis,,,S/U,1.0,5.0,0.0,Y,N,토15:00-20:00(E7 - 233),,
295,기초학부,전체,RP403,20,Thesis,이옥균,심화선택,연구(Thesis),이론,심화,연구,Thesis,,,S/U,1.0,5.0,0.0,Y,N,토15:00-20:00(E7 - 233),,
296,기초학부,전체,RP403,21,Thesis,이재홍,심화선택,연구(Thesis),이론,심화,연구,Thesis,,,S/U,1.0,5.0,0.0,Y,N,토15:00-20:00(E7 - 233),,
297,기초학부,전체,RP403,22,Thesis,임용섭,심화선택,연구(Thesis),이론,심화,연구,Thesis,,,S/U,1.0,5.0,0.0,Y,N,토15:00-20:00(E7 - 233),,
298,기초학부,전체,RP403,23,Thesis,장경인,심화선택,연구(Thesis),이론,심화,연구,Thesis,,,S/U,1.0,5.0,0.0,Y,N,토15:00-20:00(E7 - 233),,
299,기초학부,전체,RP403,24,Thesis,정소현,심화선택,연구(Thesis),이론,심화,연구,Thesis,,,S/U,1.0,5.0,0.0,Y,N,토15:00-20:00(E7 - 233),,
300,기초학부,전체,RP403,25,Thesis,한상윤,심화선택,연구(Thesis),이론,심화,연구,Thesis,,,S/U,1.0,5.0,0.0,Y,N,토15:00-20:00(E7 - 233),,
301,기초학부,전체,RP403,26,Thesis,황민호,심화선택,연구(Thesis),이론,심화,연구,Thesis,,,S/U,1.0,5.0,0.0,Y,N,토15:00-20:00(E7 - 233),,
302,기초학부,전체,RP404,01,Thesis,홍정일,심화선택,연구(Thesis),이론,심화,연구,Thesis,,,S/U,1.0,5.0,0.0,Y,N,토15:00-20:00(E7 - 233),,
303,기초학부,전체,RP404,02,Thesis,박기성,심화선택,연구(Thesis),이론,심화,연구,Thesis,,,S/U,1.0,5.0,0.0,Y,N,토15:00-20:00(E7 - 233),,
304,기초학부,전체,RP404,03,Thesis,김성균,심화선택,연구(Thesis),이론,심화,연구,Thesis,,,S/U,1.0,5.0,0.0,Y,N,토15:00-20:00(E7 - 233),,
305,기초학부,전체,RP404,04,Thesis,정낙천,심화선택,연구(Thesis),이론,심화,연구,Thesis,,,S/U,1.0,5.0,0.0,Y,N,토15:00-20:00(E7 - 233),,
306,기초학부,전체,RP404,06,Thesis,서정필,심화선택,연구(Thesis),이론,심화,연구,Thesis,,,S/U,1.0,5.0,0.0,Y,N,토15:00-20:00(E7 - 233),,
307,기초학부,전체,RP404,07,Thesis,김철기,심화선택,연구(Thesis),이론,심화,연구,Thesis,,,S/U,1.0,5.0,0.0,Y,N,토15:00-20:00(E7 - 233),,
308,기초학부,전체,RP404,08,Thesis,정병혁,심화선택,연구(Thesis),이론,심화,연구,Thesis,,,S/U,1.0,5.0,0.0,Y,N,토15:00-20:00(E7 - 233),,
309,기초학부,전체,RP404,09,Thesis,강준구,심화선택,연구(Thesis),이론,심화,연구,Thesis,,,S/U,1.0,5.0,0.0,Y,N,토15:00-20:00(E7 - 233),,
310,기초학부,전체,RP404,10,Thesis,박진희,심화선택,연구(Thesis),이론,심화,연구,Thesis,,,S/U,1.0,5.0,0.0,Y,N,토15:00-20:00(E7 - 233),,
311,기초학부,전체,RP404,11,Thesis,이성원,심화선택,연구(Thesis),이론,심화,연구,Thesis,,,S/U,1.0,5.0,0.0,Y,N,토15:00-20:00(E7 - 233),,
312,기초학부,전체,RP404,12,Thesis,이신범,심화선택,연구(Thesis),이론,심화,연구,Thesis,,,S/U,1.0,5.0,0.0,Y,N,토15:00-20:00(E7 - 233),,
313,기초학부,전체,RP404,13,Thesis,홍선기,심화선택,연구(Thesis),이론,심화,연구,Thesis,,,S/U,1.0,5.0,0.0,Y,N,토15:00-20:00(E7 - 233),,
314,기초학부,전체,RP404,14,Thesis,이성기,심화선택,연구(Thesis),이론,심화,연구,Thesis,,,S/U,1.0,5.0,0.0,Y,N,토15:00-20:00(E7 - 233),,
315,기초학부,전체,RP404,15,Thesis,성주영,심화선택,연구(Thesis),이론,심화,연구,Thesis,,,S/U,1.0,5.0,0.0,Y,N,토15:00-20:00(E7 - 233),,
316,기초학부,전체,RP404,16,Thesis,김아람,심화선택,연구(Thesis),이론,심화,연구,Thesis,,,S/U,1.0,5.0,0.0,Y,N,토15:00-20:00(E7 - 233),,
317,기초학부,전체,RP404,17,Thesis,서상원,심화선택,연구(Thesis),이론,심화,연구,Thesis,,,S/U,1.0,5.0,0.0,Y,N,토15:00-20:00(E7 - 233),,
318,기초학부,전체,RP404,18,Thesis,김종구,심화선택,연구(Thesis),이론,심화,연구,Thesis,,,S/U,1.0,5.0,0.0,Y,N,토15:00-20:00(E7 - 233),,
319,기초학부,전체,RP404,19,Thesis,김소연,심화선택,연구(Thesis),이론,심화,연구,Thesis,,,S/U,1.0,5.0,0.0,Y,N,토15:00-20:00(E7 - 233),,
320,기초학부,전체,RP404,20,Thesis,문혜원,심화선택,연구(Thesis),이론,심화,연구,Thesis,,,S/U,1.0,5.0,0.0,Y,N,토15:00-20:00(E7 - 233),,
321,기초학부,전체,RP405,01,Thesis,이호춘,심화선택,연구(Thesis),이론,심화,연구,Thesis,,,S/U,1.0,5.0,0.0,Y,N,토15:00-20:00(E7 - 233),,
322,기초학부,전체,RP405,02,Thesis,이윤구,심화선택,연구(Thesis),이론,심화,연구,Thesis,,,S/U,1.0,5.0,0.0,Y,N,토15:00-20:00(E7 - 233),,
323,기초학부,전체,RP405,03,Thesis,상가라쥬샨무감,심화선택,연구(Thesis),이론,심화,연구,Thesis,,,S/U,1.0,5.0,0.0,Y,N,토15:00-20:00(E7 - 233),,
324,기초학부,전체,RP405,04,Thesis,이종수,심화선택,연구(Thesis),이론,심화,연구,Thesis,,,S/U,1.0,5.0,0.0,Y,N,토15:00-20:00(E7 - 233),,
325,기초학부,전체,RP405,05,Thesis,인수일,심화선택,연구(Thesis),이론,심화,연구,Thesis,,,S/U,1.0,5.0,0.0,Y,N,토15:00-20:00(E7 - 233),,
326,기초학부,전체,RP405,06,Thesis,최승호,심화선택,연구(Thesis),이론,심화,연구,Thesis,,,S/U,1.0,5.0,0.0,Y,N,토15:00-20:00(E7 - 233),,
327,기초학부,전체,RP405,07,Thesis,장윤희,심화선택,연구(Thesis),이론,심화,연구,Thesis,,,S/U,1.0,5.0,0.0,Y,N,토15:00-20:00(E7 - 233),,
328,기초학부,전체,RP405,08,Thesis,이주혁,심화선택,연구(Thesis),이론,심화,연구,Thesis,,,S/U,1.0,5.0,0.0,Y,N,토15:00-20:00(E7 - 233),,
329,기초학부,전체,RP405,09,Thesis,양지웅,심화선택,연구(Thesis),이론,심화,연구,Thesis,,,S/U,1.0,5.0,0.0,Y,N,토15:00-20:00(E7 - 233),,
330,기초학부,전체,RP405,10,Thesis,김찬연,심화선택,연구(Thesis),이론,심화,연구,Thesis,,,S/U,1.0,5.0,0.0,Y,N,토15:00-20:00(E7 - 233),,
331,기초학부,전체,RP405,11,Thesis,호동해,심화선택,연구(Thesis),이론,심화,연구,Thesis,,,S/U,1.0,5.0,0.0,Y,N,토15:00-20:00(E7 - 233),,
332,기초학부,전체,RP405,12,Thesis,김운혁,심화선택,연구(Thesis),이론,심화,연구,Thesis,,,S/U,1.0,5.0,0.0,Y,N,토15:00-20:00(E7 - 233),,
333,기초학부,전체,RP405,13,Thesis,김진수,심화선택,연구(Thesis),이론,심화,연구,Thesis,,,S/U,1.0,5.0,0.0,Y,N,토15:00-20:00(E7 - 233),,
334,기초학부,전체,RP405,14,Thesis,이종민,심화선택,연구(Thesis),이론,심화,연구,Thesis,,,S/U,1.0,5.0,0.0,Y,N,토15:00-20:00(E7 - 233),,
335,기초학부,전체,RP405,15,Thesis,고서진,심화선택,연구(Thesis),이론,심화,연구,Thesis,,,S/U,1.0,5.0,0.0,Y,N,토15:00-20:00(E7 - 233),,
336,기초학부,전체,RP405,16,Thesis,김승현,심화선택,연구(Thesis),이론,심화,연구,Thesis,,,S/U,1.0,5.0,0.0,Y,N,토15:00-20:00(E7 - 233),,
337,기초학부,전체,RP406,01,Thesis,장재은,심화선택,연구(Thesis),이론,심화,연구,Thesis,,,S/U,1.0,5.0,0.0,Y,N,토15:00-20:00(E7 - 233),,
338,기초학부,전체,RP406,02,Thesis,박경준,심화선택,연구(Thesis),이론,심화,연구,Thesis,,,S/U,1.0,5.0,0.0,Y,N,토15:00-20:00(E7 - 233),,
339,기초학부,전체,RP406,03,Thesis,은용순,심화선택,연구(Thesis),이론,심화,연구,Thesis,,,S/U,1.0,5.0,0.0,Y,N,토15:00-20:00(E7 - 233),,
340,기초학부,전체,RP406,04,Thesis,이기준,심화선택,연구(Thesis),이론,심화,연구,Thesis,,,S/U,1.0,5.0,0.0,Y,N,토15:00-20:00(E7 - 233),,
341,기초학부,전체,RP406,05,Thesis,황재윤,심화선택,연구(Thesis),이론,심화,연구,Thesis,,,S/U,1.0,5.0,0.0,Y,N,토15:00-20:00(E7 - 233),,
342,기초학부,전체,RP406,06,Thesis,이정협,심화선택,연구(Thesis),이론,심화,연구,Thesis,,,S/U,1.0,5.0,0.0,Y,N,토15:00-20:00(E7 - 233),,
343,기초학부,전체,RP406,07,Thesis,권혁준,심화선택,연구(Thesis),이론,심화,연구,Thesis,,,S/U,1.0,5.0,0.0,Y,N,토15:00-20:00(E7 - 233),,
344,기초학부,전체,RP406,08,Thesis,김경대,심화선택,연구(Thesis),이론,심화,연구,Thesis,,,S/U,1.0,5.0,0.0,Y,N,토15:00-20:00(E7 - 233),,
345,기초학부,전체,RP406,09,Thesis,신동훈,심화선택,연구(Thesis),이론,심화,연구,Thesis,,,S/U,1.0,5.0,0.0,Y,N,토15:00-20:00(E7 - 233),,
346,기초학부,전체,RP406,10,Thesis,임성훈,심화선택,연구(Thesis),이론,심화,연구,Thesis,,,S/U,1.0,5.0,0.0,Y,N,토15:00-20:00(E7 - 233),,
347,기초학부,전체,RP406,11,Thesis,김선준,심화선택,연구(Thesis),이론,심화,연구,Thesis,,,S/U,1.0,5.0,0.0,Y,N,토15:00-20:00(E7 - 233),,
348,기초학부,전체,RP406,12,Thesis,장진호,심화선택,연구(Thesis),이론,심화,연구,Thesis,,,S/U,1.0,5.0,0.0,Y,N,토15:00-20:00(E7 - 233),,
349,기초학부,전체,RP406,13,Thesis,김예성,심화선택,연구(Thesis),이론,심화,연구,Thesis,,,S/U,1.0,5.0,0.0,Y,N,토15:00-20:00(E7 - 233),,
350,기초학부,전체,RP406,14,Thesis,윤종혁,심화선택,연구(Thesis),이론,심화,연구,Thesis,,,S/U,1.0,5.0,0.0,Y,N,토15:00-20:00(E7 - 233),,
351,기초학부,전체,RP406,15,Thesis,김백규,심화선택,연구(Thesis),이론,심화,연구,Thesis,,,S/U,1.0,5.0,0.0,Y,N,토15:00-20:00(E7 - 233),,
352,기초학부,전체,RP406,16,Thesis,서대원,심화선택,연구(Thesis),이론,심화,연구,Thesis,,,S/U,1.0,5.0,0.0,Y,N,토15:00-20:00(E7 - 233),,
353,기초학부,전체,RP406,17,Thesis,김가인,심화선택,연구(Thesis),이론,심화,연구,Thesis,,,S/U,1.0,5.0,0.0,Y,N,토15:00-20:00(E7 - 233),,
354,기초학부,전체,RP406,18,Thesis,송민영,심화선택,연구(Thesis),이론,심화,연구,Thesis,,,S/U,1.0,5.0,0.0,Y,N,토15:00-20:00(E7 - 233),,
355,기초학부,전체,RP406,19,Thesis,김영식,심화선택,연구(Thesis),이론,심화,연구,Thesis,,,S/U,1.0,5.0,0.0,Y,N,토15:00-20:00(E7 - 233),,
356,기초학부,전체,RP406,20,Thesis,이경태,심화선택,연구(Thesis),이론,심화,연구,Thesis,,,S/U,1.0,5.0,0.0,Y,N,토15:00-20:00(E7 - 233),,
357,기초학부,전체,RP406,21,Thesis,소진현,심화선택,연구(Thesis),이론,심화,연구,Thesis,,,S/U,1.0,5.0,0.0,Y,N,토15:00-20:00(E7 - 233),,
358,기초학부,전체,RP406,22,Thesis,이병권,심화선택,연구(Thesis),이론,심화,연구,Thesis,,,S/U,1.0,5.0,0.0,Y,N,토15:00-20:00(E7 - 233),,
359,기초학부,전체,RP406,23,Thesis,이병문,심화선택,연구(Thesis),이론,심화,연구,Thesis,,,S/U,1.0,5.0,0.0,Y,N,토15:00-20:00(E7 - 233),,
360,기초학부,전체,RP406,24,Thesis,최재호,심화선택,연구(Thesis),이론,심화,연구,Thesis,,,S/U,1.0,5.0,0.0,Y,N,토15:00-20:00(E7 - 233),,
361,기초학부,전체,RP406,25,Thesis,박대희,심화선택,연구(Thesis),이론,심화,연구,Thesis,,,S/U,1.0,5.0,0.0,Y,N,토15:00-20:00(E7 - 233),,
362,기초학부,전체,RP406,26,Thesis,최원석,심화선택,연구(Thesis),이론,심화,연구,Thesis,,,S/U,1.0,5.0,0.0,Y,N,토15:00-20:00(E7 - 233),,
363,기초학부,전체,RP406,27,Thesis,이용우,심화선택,연구(Thesis),이론,심화,연구,Thesis,,,S/U,1.0,5.0,0.0,Y,N,토15:00-20:00(E7 - 233),,
364,기초학부,전체,RP406,28,Thesis,김기섭,심화선택,연구(Thesis),이론,심화,연구,Thesis,,,S/U,1.0,5.0,0.0,Y,N,토15:00-20:00(E7 - 233),,"전기전자컴퓨터공학과 소속 김기섭 교수, Kisub Kim, Professor, Department of Electrical Engineering and Computer Science"
365,기초학부,전체,RP406,29,Thesis,최상현,심화선택,연구(Thesis),이론,심화,연구,Thesis,,,S/U,1.0,5.0,0.0,Y,N,토15:00-20:00(E7 - 233),,
366,기초학부,전체,RP406,30,Thesis,전민석,심화선택,연구(Thesis),이론,심화,연구,Thesis,,,S/U,1.0,5.0,0.0,Y,N,토15:00-20:00(E7 - 233),,
367,기초학부,전체,RP406,31,Thesis,길현재,심화선택,연구(Thesis),이론,심화,연구,Thesis,,,S/U,1.0,5.0,0.0,Y,N,토09:00-14:00(E7 - 233),,
368,기초학부,전체,RP406,32,Thesis,장준기,심화선택,연구(Thesis),이론,심화,연구,Thesis,,,S/U,1.0,5.0,0.0,Y,N,토09:00-14:00(E7 - 233),,
369,기초학부,전체,RP406,33,Thesis,목지수,심화선택,연구(Thesis),이론,심화,연구,Thesis,,,S/U,1.0,5.0,0.0,Y,N,토09:00-14:00(E7 - 233),,
370,기초학부,전체,RP406,34,Thesis,이민선,심화선택,연구(Thesis),이론,심화,연구,Thesis,,,S/U,1.0,5.0,0.0,Y,N,토09:00-14:00(E7 - 233),,
371,기초학부,전체,RP408,01,URP,문제일,심화선택,연구(URP),실습,심화,연구,URP,,,S/U,2.0,0.0,2.0,N,N,토09:00-11:00(E7 - 233),,
372,기초학부,전체,RP408,02,URP,유성운,심화선택,연구(URP),실습,심화,연구,URP,,,S/U,2.0,0.0,2.0,N,N,토09:00-11:00(E7 - 233),,
373,기초학부,전체,RP408,03,URP,김은경,심화선택,연구(URP),실습,심화,연구,URP,,,S/U,2.0,0.0,2.0,N,N,토09:00-11:00(E7 - 233),,
374,기초학부,전체,RP408,04,URP,서병창,심화선택,연구(URP),실습,심화,연구,URP,,,S/U,2.0,0.0,2.0,N,N,토09:00-11:00(E7 - 233),,
375,기초학부,전체,RP408,05,URP,김규형,심화선택,연구(URP),실습,심화,연구,URP,,,S/U,2.0,0.0,2.0,N,N,토09:00-11:00(E7 - 233),,
376,기초학부,전체,RP408,06,URP,이석규,심화선택,연구(URP),실습,심화,연구,URP,,,S/U,2.0,0.0,2.0,N,N,토09:00-11:00(E7 - 233),,
377,기초학부,전체,RP408,07,URP,이성배,심화선택,연구(URP),실습,심화,연구,URP,,,S/U,2.0,0.0,2.0,N,N,토09:00-11:00(E7 - 233),,
378,기초학부,전체,RP408,08,URP,오용석,심화선택,연구(URP),실습,심화,연구,URP,,,S/U,2.0,0.0,2.0,N,N,토09:00-11:00(E7 - 233),,
379,기초학부,전체,RP408,09,URP,이효상,심화선택,연구(URP),실습,심화,연구,URP,,,S/U,2.0,0.0,2.0,N,N,토09:00-11:00(E7 - 233),,
380,기초학부,전체,RP408,10,URP,최한경,심화선택,연구(URP),실습,심화,연구,URP,,,S/U,2.0,0.0,2.0,N,N,토09:00-11:00(E7 - 233),,
381,기초학부,전체,RP408,100,URP,김운혁,심화선택,연구(URP),실습,심화,연구,URP,,,S/U,2.0,0.0,2.0,N,N,토09:00-11:00(E7 - 233),,
382,기초학부,전체,RP408,101,URP,김진수,심화선택,연구(URP),실습,심화,연구,URP,,,S/U,2.0,0.0,2.0,N,N,토09:00-11:00(E7 - 233),,
383,기초학부,전체,RP408,102,URP,이종민,심화선택,연구(URP),실습,심화,연구,URP,,,S/U,2.0,0.0,2.0,N,N,토09:00-11:00(E7 - 233),,
384,기초학부,전체,RP408,103,URP,고서진,심화선택,연구(URP),실습,심화,연구,URP,,,S/U,2.0,0.0,2.0,N,N,토09:00-11:00(E7 - 233),,
385,기초학부,전체,RP408,104,URP,김승현,심화선택,연구(URP),실습,심화,연구,URP,,,S/U,2.0,0.0,2.0,N,N,토09:00-11:00(E7 - 233),,
386,기초학부,전체,RP408,105,URP,장재은,심화선택,연구(URP),실습,심화,연구,URP,,,S/U,2.0,0.0,2.0,N,N,토09:00-11:00(E7 - 233),,
387,기초학부,전체,RP408,106,URP,박경준,심화선택,연구(URP),실습,심화,연구,URP,,,S/U,2.0,0.0,2.0,N,N,토09:00-11:00(E7 - 233),,
388,기초학부,전체,RP408,107,URP,은용순,심화선택,연구(URP),실습,심화,연구,URP,,,S/U,2.0,0.0,2.0,N,N,토09:00-11:00(E7 - 233),,
389,기초학부,전체,RP408,108,URP,이기준,심화선택,연구(URP),실습,심화,연구,URP,,,S/U,2.0,0.0,2.0,N,N,토09:00-11:00(E7 - 233),,
390,기초학부,전체,RP408,109,URP,황재윤,심화선택,연구(URP),실습,심화,연구,URP,,,S/U,2.0,0.0,2.0,N,N,토09:00-11:00(E7 - 233),,
391,기초학부,전체,RP408,11,URP,유우경,심화선택,연구(URP),실습,심화,연구,URP,,,S/U,2.0,0.0,2.0,N,N,토09:00-11:00(E7 - 233),,
392,기초학부,전체,RP408,110,URP,이정협,심화선택,연구(URP),실습,심화,연구,URP,,,S/U,2.0,0.0,2.0,N,N,토09:00-11:00(E7 - 233),,
393,기초학부,전체,RP408,111,URP,권혁준,심화선택,연구(URP),실습,심화,연구,URP,,,S/U,2.0,0.0,2.0,N,N,토09:00-11:00(E7 - 233),,
394,기초학부,전체,RP408,112,URP,김경대,심화선택,연구(URP),실습,심화,연구,URP,,,S/U,2.0,0.0,2.0,N,N,토09:00-11:00(E7 - 233),,
395,기초학부,전체,RP408,113,URP,신동훈,심화선택,연구(URP),실습,심화,연구,URP,,,S/U,2.0,0.0,2.0,N,N,토09:00-11:00(E7 - 233),,
396,기초학부,전체,RP408,114,URP,임성훈,심화선택,연구(URP),실습,심화,연구,URP,,,S/U,2.0,0.0,2.0,N,N,토09:00-11:00(E7 - 233),,
397,기초학부,전체,RP408,115,URP,김선준,심화선택,연구(URP),실습,심화,연구,URP,,,S/U,2.0,0.0,2.0,N,N,토09:00-11:00(E7 - 233),,
398,기초학부,전체,RP408,116,URP,장진호,심화선택,연구(URP),실습,심화,연구,URP,,,S/U,2.0,0.0,2.0,N,N,토09:00-11:00(E7 - 233),,
399,기초학부,전체,RP408,117,URP,김예성,심화선택,연구(URP),실습,심화,연구,URP,,,S/U,2.0,0.0,2.0,N,N,토09:00-11:00(E7 - 233),,
400,기초학부,전체,RP408,118,URP,윤종혁,심화선택,연구(URP),실습,심화,연구,URP,,,S/U,2.0,0.0,2.0,N,N,토09:00-11:00(E7 - 233),,
401,기초학부,전체,RP408,119,URP,김백규,심화선택,연구(URP),실습,심화,연구,URP,,,S/U,2.0,0.0,2.0,N,N,토09:00-11:00(E7 - 233),,
402,기초학부,전체,RP408,12,URP,고재원,심화선택,연구(URP),실습,심화,연구,URP,,,S/U,2.0,0.0,2.0,N,N,토09:00-11:00(E7 - 233),,
403,기초학부,전체,RP408,120,URP,서대원,심화선택,연구(URP),실습,심화,연구,URP,,,S/U,2.0,0.0,2.0,N,N,토09:00-11:00(E7 - 233),,
404,기초학부,전체,RP408,121,URP,김가인,심화선택,연구(URP),실습,심화,연구,URP,,,S/U,2.0,0.0,2.0,N,N,토09:00-11:00(E7 - 233),,
405,기초학부,전체,RP408,122,URP,송민영,심화선택,연구(URP),실습,심화,연구,URP,,,S/U,2.0,0.0,2.0,N,N,토09:00-11:00(E7 - 233),,
406,기초학부,전체,RP408,123,URP,김영식,심화선택,연구(URP),실습,심화,연구,URP,,,S/U,2.0,0.0,2.0,N,N,토09:00-11:00(E7 - 233),,
407,기초학부,전체,RP408,124,URP,이경태,심화선택,연구(URP),실습,심화,연구,URP,,,S/U,2.0,0.0,2.0,N,N,토09:00-11:00(E7 - 233),,
408,기초학부,전체,RP408,125,URP,소진현,심화선택,연구(URP),실습,심화,연구,URP,,,S/U,2.0,0.0,2.0,N,N,토09:00-11:00(E7 - 233),,
409,기초학부,전체,RP408,126,URP,이병권,심화선택,연구(URP),실습,심화,연구,URP,,,S/U,2.0,0.0,2.0,N,N,토09:00-11:00(E7 - 233),,
410,기초학부,전체,RP408,127,URP,이병문,심화선택,연구(URP),실습,심화,연구,URP,,,S/U,2.0,0.0,2.0,N,N,토09:00-11:00(E7 - 233),,
411,기초학부,전체,RP408,128,URP,최재호,심화선택,연구(URP),실습,심화,연구,URP,,,S/U,2.0,0.0,2.0,N,N,토09:00-11:00(E7 - 233),,
412,기초학부,전체,RP408,129,URP,박대희,심화선택,연구(URP),실습,심화,연구,URP,,,S/U,2.0,0.0,2.0,N,N,토09:00-11:00(E7 - 233),,
413,기초학부,전체,RP408,13,URP,엄지원,심화선택,연구(URP),실습,심화,연구,URP,,,S/U,2.0,0.0,2.0,N,N,토09:00-11:00(E7 - 233),,
414,기초학부,전체,RP408,130,URP,최원석,심화선택,연구(URP),실습,심화,연구,URP,,,S/U,2.0,0.0,2.0,N,N,토09:00-11:00(E7 - 233),,
415,기초학부,전체,RP408,131,URP,이용우,심화선택,연구(URP),실습,심화,연구,URP,,,S/U,2.0,0.0,2.0,N,N,토09:00-11:00(E7 - 233),,
416,기초학부,전체,RP408,132,URP,김기섭,심화선택,연구(URP),실습,심화,연구,URP,,,S/U,2.0,0.0,2.0,N,N,토09:00-11:00(E7 - 233),,"전기전자컴퓨터공학과 소속 김기섭 교수, Kisub Kim, Professor, Department of Electrical Engineering and Computer Science"
417,기초학부,전체,RP408,133,URP,최상현,심화선택,연구(URP),실습,심화,연구,URP,,,S/U,2.0,0.0,2.0,N,N,토09:00-11:00(E7 - 233),,
418,기초학부,전체,RP408,134,URP,전민석,심화선택,연구(URP),실습,심화,연구,URP,,,S/U,2.0,0.0,2.0,N,N,토09:00-11:00(E7 - 233),,
419,기초학부,전체,RP408,135,URP,길현재,심화선택,연구(URP),실습,심화,연구,URP,,,S/U,2.0,0.0,2.0,N,N,토09:00-11:00(E7 - 233),,
420,기초학부,전체,RP408,136,URP,장준기,심화선택,연구(URP),실습,심화,연구,URP,,,S/U,2.0,0.0,2.0,N,N,토09:00-11:00(E7 - 233),,
421,기초학부,전체,RP408,137,URP,목지수,심화선택,연구(URP),실습,심화,연구,URP,,,S/U,2.0,0.0,2.0,N,N,토09:00-11:00(E7 - 233),,
422,기초학부,전체,RP408,138,URP,이민선,심화선택,연구(URP),실습,심화,연구,URP,,,S/U,2.0,0.0,2.0,N,N,토09:00-11:00(E7 - 233),,
423,기초학부,전체,RP408,14,URP,백명인,심화선택,연구(URP),실습,심화,연구,URP,,,S/U,2.0,0.0,2.0,N,N,토09:00-11:00(E7 - 233),,
424,기초학부,전체,RP408,15,URP,이광,심화선택,연구(URP),실습,심화,연구,URP,,,S/U,2.0,0.0,2.0,N,N,토09:00-11:00(E7 - 233),,
425,기초학부,전체,RP408,16,URP,현정호,심화선택,연구(URP),실습,심화,연구,URP,,,S/U,2.0,0.0,2.0,N,N,토09:00-11:00(E7 - 233),,
426,기초학부,전체,RP408,17,URP,조용철,심화선택,연구(URP),실습,심화,연구,URP,,,S/U,2.0,0.0,2.0,N,N,토09:00-11:00(E7 - 233),,
427,기초학부,전체,RP408,18,URP,김민환,심화선택,연구(URP),실습,심화,연구,URP,,,S/U,2.0,0.0,2.0,N,N,토09:00-11:00(E7 - 233),,
428,기초학부,전체,RP408,19,URP,박포정,심화선택,연구(URP),실습,심화,연구,URP,,,S/U,2.0,0.0,2.0,N,N,토09:00-11:00(E7 - 233),,
429,기초학부,전체,RP408,20,URP,구재형,심화선택,연구(URP),실습,심화,연구,URP,,,S/U,2.0,0.0,2.0,N,N,토09:00-11:00(E7 - 233),,
430,기초학부,전체,RP408,21,URP,이창훈,심화선택,연구(URP),실습,심화,연구,URP,,,S/U,2.0,0.0,2.0,N,N,토09:00-11:00(E7 - 233),,
431,기초학부,전체,RP408,22,URP,남창훈,심화선택,연구(URP),실습,심화,연구,URP,,,S/U,2.0,0.0,2.0,N,N,토09:00-11:00(E7 - 233),,
432,기초학부,전체,RP408,23,URP,우혜련,심화선택,연구(URP),실습,심화,연구,URP,,,S/U,2.0,0.0,2.0,N,N,토09:00-11:00(E7 - 233),,
433,기초학부,전체,RP408,24,URP,곽준명,심화선택,연구(URP),실습,심화,연구,URP,,,S/U,2.0,0.0,2.0,N,N,토09:00-11:00(E7 - 233),,
434,기초학부,전체,RP408,25,URP,이영삼,심화선택,연구(URP),실습,심화,연구,URP,,,S/U,2.0,0.0,2.0,N,N,토09:00-11:00(E7 - 233),,
435,기초학부,전체,RP408,26,URP,이상임,심화선택,연구(URP),실습,심화,연구,URP,,,S/U,2.0,0.0,2.0,N,N,토09:00-11:00(E7 - 233),,
436,기초학부,전체,RP408,27,URP,이병훈,심화선택,연구(URP),실습,심화,연구,URP,,,S/U,2.0,0.0,2.0,N,N,토09:00-11:00(E7 - 233),,
437,기초학부,전체,RP408,28,URP,김민석,심화선택,연구(URP),실습,심화,연구,URP,,,S/U,2.0,0.0,2.0,N,N,토09:00-11:00(E7 - 233),,
438,기초학부,전체,RP408,29,URP,이재민,심화선택,연구(URP),실습,심화,연구,URP,,,S/U,2.0,0.0,2.0,N,N,토09:00-11:00(E7 - 233),,
439,기초학부,전체,RP408,30,URP,예경무,심화선택,연구(URP),실습,심화,연구,URP,,,S/U,2.0,0.0,2.0,N,N,토09:00-11:00(E7 - 233),,
440,기초학부,전체,RP408,31,URP,김진해,심화선택,연구(URP),실습,심화,연구,URP,,,S/U,2.0,0.0,2.0,N,N,토09:00-11:00(E7 - 233),,
441,기초학부,전체,RP408,32,URP,이종찬,심화선택,연구(URP),실습,심화,연구,URP,,,S/U,2.0,0.0,2.0,N,N,토09:00-11:00(E7 - 233),,
442,기초학부,전체,RP408,33,URP,정영태,심화선택,연구(URP),실습,심화,연구,URP,,,S/U,2.0,0.0,2.0,N,N,토09:00-11:00(E7 - 233),,
443,기초학부,전체,RP408,34,URP,김민식,심화선택,연구(URP),실습,심화,연구,URP,,,S/U,2.0,0.0,2.0,N,N,토09:00-11:00(E7 - 233),,
444,기초학부,전체,RP408,35,URP,기영훈,심화선택,연구(URP),실습,심화,연구,URP,,,S/U,2.0,0.0,2.0,N,N,토09:00-11:00(E7 - 233),,
445,기초학부,전체,RP408,36,URP,김유리,심화선택,연구(URP),실습,심화,연구,URP,,,S/U,2.0,0.0,2.0,N,N,토09:00-11:00(E7 - 233),,
446,기초학부,전체,RP408,37,URP,정찬,심화선택,연구(URP),실습,심화,연구,URP,,,S/U,2.0,0.0,2.0,N,N,토09:00-11:00(E7 - 233),,
447,기초학부,전체,RP408,38,URP,최일규,심화선택,연구(URP),실습,심화,연구,URP,,,S/U,2.0,0.0,2.0,N,N,토09:00-11:00(E7 - 233),,
448,기초학부,전체,RP408,39,URP,김태완,심화선택,연구(URP),실습,심화,연구,URP,,,S/U,2.0,0.0,2.0,N,N,토09:00-11:00(E7 - 233),,
449,기초학부,전체,RP408,40,URP,이송이,심화선택,연구(URP),실습,심화,연구,URP,,,S/U,2.0,0.0,2.0,N,N,토09:00-11:00(E7 - 233),,
450,기초학부,전체,RP408,41,URP,Felix Jonas,심화선택,연구(URP),실습,심화,연구,URP,,,S/U,2.0,0.0,2.0,N,N,토09:00-11:00(E7 - 233),,
451,기초학부,전체,RP408,42,URP,오세훈,심화선택,연구(URP),실습,심화,연구,URP,,,S/U,2.0,0.0,2.0,N,N,토09:00-11:00(E7 - 233),,
452,기초학부,전체,RP408,43,URP,김기섭,심화선택,연구(URP),실습,심화,연구,URP,,,S/U,2.0,0.0,2.0,N,N,토09:00-11:00(E7 - 233),,"로봇및기계전자공학과 소속 김기섭 교수, Professor Giseop Kim, Department of Robotics and Mechatronics Engineering"
453,기초학부,전체,RP408,44,URP,김동욱,심화선택,연구(URP),실습,심화,연구,URP,,,S/U,2.0,0.0,2.0,N,N,토09:00-11:00(E7 - 233),,
454,기초학부,전체,RP408,45,URP,김봉훈,심화선택,연구(URP),실습,심화,연구,URP,,,S/U,2.0,0.0,2.0,N,N,토09:00-11:00(E7 - 233),,
455,기초학부,전체,RP408,46,URP,김소희,심화선택,연구(URP),실습,심화,연구,URP,,,S/U,2.0,0.0,2.0,N,N,토09:00-11:00(E7 - 233),,
456,기초학부,전체,RP408,47,URP,김회준,심화선택,연구(URP),실습,심화,연구,URP,,,S/U,2.0,0.0,2.0,N,N,토09:00-11:00(E7 - 233),,
457,기초학부,전체,RP408,48,URP,남강현,심화선택,연구(URP),실습,심화,연구,URP,,,S/U,2.0,0.0,2.0,N,N,토09:00-11:00(E7 - 233),,
458,기초학부,전체,RP408,49,URP,문인규,심화선택,연구(URP),실습,심화,연구,URP,,,S/U,2.0,0.0,2.0,N,N,토09:00-11:00(E7 - 233),,
459,기초학부,전체,RP408,50,URP,박경서,심화선택,연구(URP),실습,심화,연구,URP,,,S/U,2.0,0.0,2.0,N,N,토09:00-11:00(E7 - 233),,
460,기초학부,전체,RP408,51,URP,박상현,심화선택,연구(URP),실습,심화,연구,URP,,,S/U,2.0,0.0,2.0,N,N,토09:00-11:00(E7 - 233),,
461,기초학부,전체,RP408,52,URP,박석호,심화선택,연구(URP),실습,심화,연구,URP,,,S/U,2.0,0.0,2.0,N,N,토09:00-11:00(E7 - 233),,
462,기초학부,전체,RP408,53,URP,박준혁,심화선택,연구(URP),실습,심화,연구,URP,,,S/U,2.0,0.0,2.0,N,N,토09:00-11:00(E7 - 233),,
463,기초학부,전체,RP408,54,URP,송석호,심화선택,연구(URP),실습,심화,연구,URP,,,S/U,2.0,0.0,2.0,N,N,토09:00-11:00(E7 - 233),,
464,기초학부,전체,RP408,55,URP,송철,심화선택,연구(URP),실습,심화,연구,URP,,,S/U,2.0,0.0,2.0,N,N,토09:00-11:00(E7 - 233),,
465,기초학부,전체,RP408,56,URP,유재석,심화선택,연구(URP),실습,심화,연구,URP,,,S/U,2.0,0.0,2.0,N,N,토09:00-11:00(E7 - 233),,
466,기초학부,전체,RP408,57,URP,윤동원,심화선택,연구(URP),실습,심화,연구,URP,,,S/U,2.0,0.0,2.0,N,N,토09:00-11:00(E7 - 233),,
467,기초학부,전체,RP408,58,URP,이상훈,심화선택,연구(URP),실습,심화,연구,URP,,,S/U,2.0,0.0,2.0,N,N,토09:00-11:00(E7 - 233),,
468,기초학부,전체,RP408,59,URP,이성민,심화선택,연구(URP),실습,심화,연구,URP,,,S/U,2.0,0.0,2.0,N,N,토09:00-11:00(E7 - 233),,
469,기초학부,전체,RP408,60,URP,이아형,심화선택,연구(URP),실습,심화,연구,URP,,,S/U,2.0,0.0,2.0,N,N,토09:00-11:00(E7 - 233),,
470,기초학부,전체,RP408,61,URP,이옥균,심화선택,연구(URP),실습,심화,연구,URP,,,S/U,2.0,0.0,2.0,N,N,토09:00-11:00(E7 - 233),,
471,기초학부,전체,RP408,62,URP,이재홍,심화선택,연구(URP),실습,심화,연구,URP,,,S/U,2.0,0.0,2.0,N,N,토09:00-11:00(E7 - 233),,
472,기초학부,전체,RP408,63,URP,임용섭,심화선택,연구(URP),실습,심화,연구,URP,,,S/U,2.0,0.0,2.0,N,N,토09:00-11:00(E7 - 233),,
473,기초학부,전체,RP408,64,URP,장경인,심화선택,연구(URP),실습,심화,연구,URP,,,S/U,2.0,0.0,2.0,N,N,토09:00-11:00(E7 - 233),,
474,기초학부,전체,RP408,65,URP,정소현,심화선택,연구(URP),실습,심화,연구,URP,,,S/U,2.0,0.0,2.0,N,N,토09:00-11:00(E7 - 233),,
475,기초학부,전체,RP408,66,URP,한상윤,심화선택,연구(URP),실습,심화,연구,URP,,,S/U,2.0,0.0,2.0,N,N,토09:00-11:00(E7 - 233),,
476,기초학부,전체,RP408,67,URP,황민호,심화선택,연구(URP),실습,심화,연구,URP,,,S/U,2.0,0.0,2.0,N,N,토09:00-11:00(E7 - 233),,
477,기초학부,전체,RP408,69,URP,홍정일,심화선택,연구(URP),실습,심화,연구,URP,,,S/U,2.0,0.0,2.0,N,N,토09:00-11:00(E7 - 233),,
478,기초학부,전체,RP408,70,URP,박기성,심화선택,연구(URP),실습,심화,연구,URP,,,S/U,2.0,0.0,2.0,N,N,토09:00-11:00(E7 - 233),,
479,기초학부,전체,RP408,71,URP,김성균,심화선택,연구(URP),실습,심화,연구,URP,,,S/U,2.0,0.0,2.0,N,N,토09:00-11:00(E7 - 233),,
480,기초학부,전체,RP408,72,URP,정낙천,심화선택,연구(URP),실습,심화,연구,URP,,,S/U,2.0,0.0,2.0,N,N,토09:00-11:00(E7 - 233),,
481,기초학부,전체,RP408,74,URP,서정필,심화선택,연구(URP),실습,심화,연구,URP,,,S/U,2.0,0.0,2.0,N,N,토09:00-11:00(E7 - 233),,
482,기초학부,전체,RP408,75,URP,김철기,심화선택,연구(URP),실습,심화,연구,URP,,,S/U,2.0,0.0,2.0,N,N,토09:00-11:00(E7 - 233),,
483,기초학부,전체,RP408,76,URP,정병혁,심화선택,연구(URP),실습,심화,연구,URP,,,S/U,2.0,0.0,2.0,N,N,토09:00-11:00(E7 - 233),,
484,기초학부,전체,RP408,77,URP,강준구,심화선택,연구(URP),실습,심화,연구,URP,,,S/U,2.0,0.0,2.0,N,N,토09:00-11:00(E7 - 233),,
485,기초학부,전체,RP408,78,URP,박진희,심화선택,연구(URP),실습,심화,연구,URP,,,S/U,2.0,0.0,2.0,N,N,토09:00-11:00(E7 - 233),,
486,기초학부,전체,RP408,79,URP,이성원,심화선택,연구(URP),실습,심화,연구,URP,,,S/U,2.0,0.0,2.0,N,N,토09:00-11:00(E7 - 233),,
487,기초학부,전체,RP408,80,URP,이신범,심화선택,연구(URP),실습,심화,연구,URP,,,S/U,2.0,0.0,2.0,N,N,토09:00-11:00(E7 - 233),,
488,기초학부,전체,RP408,81,URP,홍선기,심화선택,연구(URP),실습,심화,연구,URP,,,S/U,2.0,0.0,2.0,N,N,토09:00-11:00(E7 - 233),,
489,기초학부,전체,RP408,82,URP,이성기,심화선택,연구(URP),실습,심화,연구,URP,,,S/U,2.0,0.0,2.0,N,N,토09:00-11:00(E7 - 233),,
490,기초학부,전체,RP408,83,URP,성주영,심화선택,연구(URP),실습,심화,연구,URP,,,S/U,2.0,0.0,2.0,N,N,토09:00-11:00(E7 - 233),,
491,기초학부,전체,RP408,84,URP,김아람,심화선택,연구(URP),실습,심화,연구,URP,,,S/U,2.0,0.0,2.0,N,N,토09:00-11:00(E7 - 233),,
492,기초학부,전체,RP408,85,URP,서상원,심화선택,연구(URP),실습,심화,연구,URP,,,S/U,2.0,0.0,2.0,N,N,토09:00-11:00(E7 - 233),,
493,기초학부,전체,RP408,86,URP,김종구,심화선택,연구(URP),실습,심화,연구,URP,,,S/U,2.0,0.0,2.0,N,N,토09:00-11:00(E7 - 233),,
494,기초학부,전체,RP408,87,URP,김소연,심화선택,연구(URP),실습,심화,연구,URP,,,S/U,2.0,0.0,2.0,N,N,토09:00-11:00(E7 - 233),,
495,기초학부,전체,RP408,88,URP,문혜원,심화선택,연구(URP),실습,심화,연구,URP,,,S/U,2.0,0.0,2.0,N,N,토09:00-11:00(E7 - 233),,
496,기초학부,전체,RP408,89,URP,이호춘,심화선택,연구(URP),실습,심화,연구,URP,,,S/U,2.0,0.0,2.0,N,N,토09:00-11:00(E7 - 233),,
497,기초학부,전체,RP408,90,URP,이윤구,심화선택,연구(URP),실습,심화,연구,URP,,,S/U,2.0,0.0,2.0,N,N,토09:00-11:00(E7 - 233),,
498,기초학부,전체,RP408,91,URP,상가라쥬샨무감,심화선택,연구(URP),실습,심화,연구,URP,,,S/U,2.0,0.0,2.0,N,N,토09:00-11:00(E7 - 233),,
499,기초학부,전체,RP408,92,URP,이종수,심화선택,연구(URP),실습,심화,연구,URP,,,S/U,2.0,0.0,2.0,N,N,토09:00-11:00(E7 - 233),,
500,기초학부,전체,RP408,93,URP,인수일,심화선택,연구(URP),실습,심화,연구,URP,,,S/U,2.0,0.0,2.0,N,N,토09:00-11:00(E7 - 233),,
501,기초학부,전체,RP408,94,URP,최승호,심화선택,연구(URP),실습,심화,연구,URP,,,S/U,2.0,0.0,2.0,N,N,토09:00-11:00(E7 - 241),,
502,기초학부,전체,RP408,95,URP,장윤희,심화선택,연구(URP),실습,심화,연구,URP,,,S/U,2.0,0.0,2.0,N,N,토09:00-11:00(E7 - 241),,
503,기초학부,전체,RP408,96,URP,이주혁,심화선택,연구(URP),실습,심화,연구,URP,,,S/U,2.0,0.0,2.0,N,N,토09:00-11:00(E7 - 241),,
504,기초학부,전체,RP408,97,URP,양지웅,심화선택,연구(URP),실습,심화,연구,URP,,,S/U,2.0,0.0,2.0,N,N,토09:00-11:00(E7 - 241),,
505,기초학부,전체,RP408,98,URP,김찬연,심화선택,연구(URP),실습,심화,연구,URP,,,S/U,2.0,0.0,2.0,N,N,토09:00-11:00(E7 - 241),,
506,기초학부,전체,RP408,99,URP,호동해,심화선택,연구(URP),실습,심화,연구,URP,,,S/U,2.0,0.0,2.0,N,N,토09:00-11:00(E7 - 241),,
507,기초학부,전체,TP101,01,디자인 사고,박종래,심화필수,교과,이론,심화,전공,비트랙/융합,,,등급,3.0,3.0,0.0,N,N,월09:00-12:00(E7 - 237),,
508,기초학부,전체,TP202,01,"도심항공교통개론(이,공)",인수일,심화필수,교과,이론,심화,전공,비트랙/융합,,"이학사,공학사",등급,3.0,3.0,0.0,N,Y,월16:00-19:00(E7 - G03),,신규개설
509,기초학부,전체,TP301,01,커뮤니케이션과 현대사회,조성겸,심화필수,교과,이론,심화,전공,비트랙/융합,,,등급,3.0,3.0,0.0,N,N,금09:00-12:00(E7 - L31),,
510,기초학부,전체,TP305,01,게임이론,김선구,심화필수,교과,이론,심화,전공,비트랙/융합,,,등급,3.0,3.0,0.0,N,N,수14:30-17:30(E7 - L31),,
511,기초학부,전체,TP307a,01,UX디자인,박종래,심화필수,교과,이론,심화,전공,비트랙/융합,,,등급,3.0,3.0,0.0,N,N,수10:30-13:30(E7 - 237),,
512,기초학부,전체,TP308,01,생명에 대한 융합적 이해,남창훈,심화필수,교과,이론,심화,전공,비트랙/융합,,,등급,3.0,3.0,0.0,N,N,화09:00-12:00(E7 - G02),,
513,기초학부,전체,TP309,01,학부생을 위한 해석학 개론,안흥주,심화필수,교과,이론,심화,전공,비트랙/융합,,,등급,3.0,3.0,0.0,N,Y,"화09:00-10:30(E7 - 223), 목09:00-10:30(E7 - 223)",,
514,기초학부,전체,TP310,01,현대대수학 개론,Hudson Thomas Bryan,심화필수,교과,이론,심화,전공,비트랙/융합,,,등급,3.0,3.0,0.0,N,Y,"화09:00-10:30(E7 - 224), 목09:00-10:30(E7 - 224)",,
515,기초학부,전체,TP406,01,"텐서들의 기하학과 그 응용(이,공)",한강진,심화필수,교과,이론,심화,전공,비트랙/융합,,"이학사,공학사",등급,3.0,3.0,0.0,N,Y,"화13:00-14:30(E7 - L22), 목13:00-14:30(E7 - L22)",,신규개설
